poster,respondingTo,ups,downs
Viva_la_Cascadia,LaGrandHoudino,49,0
Dasinterwebs,LaGrandHoudino,49,0
keymaster999,Dasinterwebs,10,0
Dasinterwebs,keymaster999,2,0
[deleted],Dasinterwebs,2,0
Dasinterwebs,[deleted],4,0
LaGrandHoudino,[deleted],4,0
[deleted],LaGrandHoudino,0,0
[deleted],LaGrandHoudino,49,0
BrotherChe,[deleted],2,0
[deleted],BrotherChe,2,0
PhysicalStuff,LaGrandHoudino,49,0
Promotheos,LaGrandHoudino,49,0
Anomander,MYC0B0T,44,0
handshape,MYC0B0T,44,0
aeschenkarnos,handshape,8,0
incredibleridiculous,MYC0B0T,44,0
Starfish_Symphony,MYC0B0T,44,0
zincpl,MYC0B0T,44,0
crosenblum,MYC0B0T,44,0
Tioben,MYC0B0T,44,0
Ayjayz,Tioben,1,0
Tioben,Ayjayz,3,0
Ayjayz,Tioben,2,0
Tioben,Ayjayz,2,0
Ayjayz,Tioben,1,0
aeschenkarnos,Ayjayz,2,0
Ayjayz,aeschenkarnos,2,0
aeschenkarnos,Ayjayz,2,0
Tioben,Ayjayz,2,0
Ayjayz,Tioben,1,0
Tioben,Ayjayz,1,0
Ayjayz,Tioben,1,0
aeschenkarnos,Tioben,1,0
Tioben,aeschenkarnos,1,0
aeschenkarnos,Tioben,2,0
Tioben,aeschenkarnos,1,0
Noctudeit,MYC0B0T,44,0
TheCenterOfEnnui,MYC0B0T,44,0
[deleted],MYC0B0T,44,0
uber_kerbonaut,MYC0B0T,44,0
temporarycreature,MYC0B0T,44,0
SoNowWhat,Zissou7,26,0
STUFF2o,Zissou7,26,0
temporarycreature,Zissou7,26,0
oncestrong13,temporarycreature,3,0
anonzilla,Zissou7,26,0
crosenblum,Zissou7,26,0
artimeied,Zissou7,26,0
crosenblum,artimeied,0,0
artimeied,crosenblum,1,0
crosenblum,artimeied,1,0
canadian_anarchist,Tigerriot,32,0
Tigerriot,canadian_anarchist,7,0
wyzaard,Tigerriot,5,0
Tigerriot,wyzaard,9,0
Magical_cat_girl,Tigerriot,1,0
Rappaccini,Tigerriot,5,0
atomfullerene,Rappaccini,8,0
Lazarus2899,Tigerriot,5,0
passwordgoeshere,Tigerriot,32,0
helpful_hank,passwordgoeshere,4,0
dasubermensch83,helpful_hank,0,0
helpful_hank,dasubermensch83,1,0
dasubermensch83,helpful_hank,0,0
slapchopsuey,Tigerriot,32,0
myusernameranoutofsp,Tigerriot,32,0
LightwaveDude,Tigerriot,32,0
kevinambrosia,Tigerriot,32,0
Tigerriot,kevinambrosia,2,0
ThatGuyOnNightshift,Tigerriot,32,0
crosenblum,Tigerriot,32,0
helpful_hank,Tigerriot,32,0
Borax,helpful_hank,1,0
helpful_hank,Borax,4,0
Borax,helpful_hank,1,0
helpful_hank,Borax,2,0
Tigerriot,helpful_hank,1,0
helpful_hank,Tigerriot,3,0
Tigerriot,helpful_hank,1,0
helpful_hank,Tigerriot,2,0
Borax,helpful_hank,1,0
helpful_hank,Borax,2,0
Borax,helpful_hank,1,0
helpful_hank,Borax,3,0
Tigerriot,helpful_hank,1,0
Borax,helpful_hank,1,0
helpful_hank,Borax,2,0
Borax,helpful_hank,1,0
Tigerriot,helpful_hank,1,0
helpful_hank,Tigerriot,3,0
PopularWarfare,helpful_hank,1,0
helpful_hank,PopularWarfare,4,0
RadixMatrix,helpful_hank,2,0
helpful_hank,RadixMatrix,2,0
PopularWarfare,helpful_hank,2,0
helpful_hank,PopularWarfare,2,0
PopularWarfare,helpful_hank,2,0
helpful_hank,PopularWarfare,1,0
PopularWarfare,helpful_hank,1,0
JustMeRC,fsacb3,26,0
fsacb3,JustMeRC,8,0
JustMeRC,fsacb3,3,0
fsacb3,JustMeRC,8,0
[deleted],fsacb3,26,0
fsacb3,[deleted],4,0
pfafulous,fsacb3,3,0
JM187302,fsacb3,26,0
billdietrich1,JM187302,7,0
runawaywolf,fsacb3,26,0
ThatGuyOnNightshift,fsacb3,26,0
Magical_cat_girl,fsacb3,26,0
billdietrich1,fsacb3,26,0
[deleted],billdietrich1,1,0
billdietrich1,[deleted],4,0
JustMeRC,billdietrich1,1,0
[deleted],billdietrich1,1,0
billdietrich1,[deleted],2,0
fsacb3,billdietrich1,1,0
billdietrich1,fsacb3,1,0
davidpbrown,fsacb3,26,0
fsacb3,davidpbrown,1,0
davidpbrown,fsacb3,1,0
qznc,fsacb3,26,0
mcandre,fsacb3,26,0
lmorsino,Blackcassowary,33,0
xHelpless,Blackcassowary,33,0
BitchinTechnology,xHelpless,13,0
atomfullerene,BitchinTechnology,5,0
[deleted],BitchinTechnology,5,0
TheBB,xHelpless,13,0
xHelpless,TheBB,1,0
TheBB,xHelpless,5,0
xHelpless,TheBB,-1,0
[deleted],xHelpless,3,0
xHelpless,[deleted],-1,0
[deleted],xHelpless,3,0
xHelpless,[deleted],0,0
qj0n,Blackcassowary,33,0
Starfish_Symphony,Blackcassowary,33,0
Grandclosing,Blackcassowary,33,0
Redrakerbz,Blackcassowary,33,0
qj0n,Redrakerbz,0,0
Redrakerbz,qj0n,3,0
miserable_nerd,Blackcassowary,33,0
pelhamsim,Blackcassowary,33,0
happywaffle,Blackcassowary,33,0
MunchkinDeserter,Blackcassowary,33,0
DamagedFreight,11clappt,6,0
gmano,DamagedFreight,4,0
11clappt,DamagedFreight,4,0
atomfullerene,11clappt,2,0
[deleted],11clappt,6,0
hpliferaft,11clappt,6,0
[deleted],11clappt,6,0
bradleyde14,11clappt,6,0
KimberlyInOhio,11clappt,6,0
11clappt,KimberlyInOhio,2,0
KimberlyInOhio,11clappt,2,0
d12421b,11clappt,6,0
UrMomLikesMine,11clappt,6,0
JimbokerMC,11clappt,6,0
Jynx3,BigFatKoolAid,4,0
letsdothismofo,autotech1011,2,0
redm00nshine,Blodje,71,0
dapstulk,Blodje,71,0
[deleted],dapstulk,10,0
MRSAurus,Blodje,71,0
GhostOfPluto,Blodje,71,0
[deleted],GhostOfPluto,4,0
Arowen97,[deleted],7,0
jmthetank,[deleted],7,0
TydeQuake,Blodje,71,0
TriP3d,Blodje,71,0
[deleted],TriP3d,3,0
xXminilex,[deleted],3,0
[deleted],xXminilex,1,0
Razielsparty,Blodje,71,0
judermcduder,Blodje,71,0
[deleted],Blodje,71,0
Blodje,[deleted],-9,0
GARFIELDLYNNS,Blodje,5,0
[deleted],[deleted],-9,0
fraserwormie,[deleted],5,0
[deleted],fraserwormie,-1,0
justanothersong,Blodje,71,0
stinkycum,justanothersong,-7,0
Zbignich,art1403ccp,5,0
Stretch92009,art1403ccp,5,0
pivot5,art1403ccp,5,0
midn1te,norwestster,1,0
PossessivePronoun,midn1te,2,0
[deleted],norwestster,1,0
norwestster,[deleted],1,0
midn1te,[deleted],1,0
spikespiegel200,75rangers,0,0
10gauge,Quortek,0,0
bezelbum,Quortek,0,0
Enriquehotpantz,petrichorcandle,1,0
merkins_galore,Dividedstein,8,0
Km2930,Dividedstein,8,0
Dividedstein,Km2930,1,0
BloodInMySaltStream,Dividedstein,8,0
Dividedstein,BloodInMySaltStream,1,0
Slothkitty,Dividedstein,1,0
StephenFossa,Slothkitty,1,0
Slothkitty,StephenFossa,2,0
Jeslauff,Dividedstein,8,0
layladyelaine,Jeslauff,1,0
I-AM-Canadian-Eh,leothelion634,24,0
TodayWasBoring,leothelion634,24,0
Trees_Bearded,leothelion634,24,0
AlamarAtReddit,Ricardohurtez69,65,0
CaptainObviousSpeaks,AlamarAtReddit,2,0
iammandalore,Ricardohurtez69,65,0
Ricardohurtez69,iammandalore,1,0
iammandalore,Ricardohurtez69,1,0
Ricardohurtez69,iammandalore,1,0
THE_REAL_SLIM_SHADY3,Ricardohurtez69,65,0
matig123,ODAAT31315,110,0
VenomTalks,ODAAT31315,110,0
PitchforkEmporium,ODAAT31315,110,0
feckineejit,ODAAT31315,110,0
be4udie03,ODAAT31315,110,0
funny_haha,ODAAT31315,110,0
LoneMantiss,kr613,2,0
doeskidparties,kr613,2,0
AwesomelyHumble,kr613,2,0
Gilby65,zavech,3,0
zavech,Gilby65,1,0
FyreCell,zavech,3,0
SheWitnessedMe,zavech,3,0
pm_me_lady_piercings,Chucknorrisswish,0,0
The-DudeNI,Chucknorrisswish,0,0
stevenscottoddballz,Daylo_Treeve,0,0
chester13,Applebananapunch,981,0
Applebananapunch,chester13,13,0
AnttilatheHun,chester13,13,0
chester13,AnttilatheHun,2,0
BruceRee33,chester13,13,0
bock919,chester13,13,0
lovestospooj420,Applebananapunch,981,0
zil,lovestospooj420,17,0
Applebananapunch,lovestospooj420,17,0
Kojalink,Applebananapunch,20,0
[deleted],Applebananapunch,981,0
spyguy886,[deleted],19,0
2000liftedcummins,[deleted],19,0
Someguyincambria,2000liftedcummins,2,0
jcantol,Someguyincambria,3,0
Ktmktmktm,jcantol,5,0
Dizzymo,Applebananapunch,981,0
ibhyx14,Applebananapunch,981,0
theduke9,Applebananapunch,981,0
underwatertrees,theduke9,3,0
Applebananapunch,theduke9,3,0
tendrax,Applebananapunch,1,0
delhux,Applebananapunch,1,0
nmc9279,Applebananapunch,1,0
darwin-rover,Applebananapunch,981,0
Lack_Jackaballzy,Applebananapunch,981,0
nealappeal,Applebananapunch,981,0
404-shame-not-found,Applebananapunch,981,0
Deep_In_Thought,Applebananapunch,981,0
Jfragz40,Deep_In_Thought,3,0
Deep_In_Thought,Jfragz40,2,0
Natstate1,Applebananapunch,981,0
Pwnaholic,Natstate1,1,0
turkey_sandwiches,Natstate1,1,0
bock919,turkey_sandwiches,1,0
turkey_sandwiches,bock919,1,0
bock919,turkey_sandwiches,1,0
turkey_sandwiches,bock919,1,0
tinkatiza,Natstate1,1,0
saint7412369,Applebananapunch,981,0
mrb235,Applebananapunch,981,0
THATASSH0LE,Applebananapunch,981,0
FatQuack,Applebananapunch,981,0
Raenman,Applebananapunch,981,0
HaikuberryFin,Applebananapunch,981,0
Squeebee007,HaikuberryFin,1,0
ISpeakDucati,Applebananapunch,981,0
Woolybear96,Applebananapunch,981,0
[deleted],Applebananapunch,981,0
Sabbatai,[deleted],0,0
[deleted],Zachman1750,68,0
okmkz,[deleted],5,0
0as,Zachman1750,68,0
dick-nipples,Zachman1750,68,0
celt1299,dick-nipples,5,0
chargoggagog,celt1299,3,0
andrwoo,chargoggagog,3,0
10gauge,Zachman1750,68,0
Zachman1750,10gauge,2,0
Careless_Con,Zachman1750,68,0
PM_ME_YOUR_PM_PHOTOS,Careless_Con,3,0
sorry_wasntlistening,Zachman1750,68,0
jblank1016,Zachman1750,68,0
FartsMcFreely,Zachman1750,68,0
snuckinbackdoor,Zachman1750,68,0
sergelo,Zachman1750,68,0
BearcatQB,Zachman1750,68,0
the-tinkerer,Zachman1750,68,0
sas5814,Zachman1750,68,0
Aterius,sas5814,1,0
[deleted],Zachman1750,68,0
Zachman1750,[deleted],1,0
[deleted],Zachman1750,68,0
Zachman1750,[deleted],1,0
rossosorus,Zachman1750,68,0
combatwombat8D,Zachman1750,68,0
dircs,jroman00,19,0
HelperBot_,dircs,2,0
jroman00,jroman00,19,0
Mossley,jroman00,19,0
johnsciarrino,RMeagherAtroefy,6,0
JasonDebuldo,EpicVico,0,0
Cattyman2119,EpicVico,0,0
Devils_halo2k,EpicVico,0,0
Albertheijnhater,EpicVico,0,0
EpicVico,Albertheijnhater,0,0
Here4theRide,TamaraBrookes,10,0
johnsciarrino,TamaraBrookes,10,0
kionay,KrystalHeartDadsgirl,406,0
IamSparticles,kionay,19,0
Ef0rc3,KrystalHeartDadsgirl,406,0
[deleted],Ef0rc3,5,0
legendoflink3,KrystalHeartDadsgirl,406,0
RamsesThePigeon,KrystalHeartDadsgirl,406,0
[deleted],KrystalHeartDadsgirl,406,0
[deleted],[deleted],3,0
SiblingRabblery,[deleted],5,0
skycoaster,[deleted],3,0
l3gitXxn00bxX,KrystalHeartDadsgirl,406,0
runeplatoon,l3gitXxn00bxX,3,0
salv3tor13,KrystalHeartDadsgirl,406,0
Poemi,KrystalHeartDadsgirl,406,0
fred_the_bed,KrystalHeartDadsgirl,406,0
HingleMcCringle_,KrystalHeartDadsgirl,406,0
HairlineIndustries,KrystalHeartDadsgirl,406,0
katmonkey,KrystalHeartDadsgirl,406,0
ScaryClosetMonster,KrystalHeartDadsgirl,406,0
pocketwatch66,KrystalHeartDadsgirl,406,0
wapimaskwa,KrystalHeartDadsgirl,406,0
GodfatherElite,KrystalHeartDadsgirl,406,0
Hrafyn,KrystalHeartDadsgirl,406,0
Maevefox33,KrystalHeartDadsgirl,406,0
Itzrizzz,KrystalHeartDadsgirl,406,0
johnturkey,KrystalHeartDadsgirl,406,0
[deleted],KrystalHeartDadsgirl,406,0
yaix,KrystalHeartDadsgirl,406,0
slowcoach7,KrystalHeartDadsgirl,406,0
DontKnowMargo,KrystalHeartDadsgirl,406,0
kionay,manniefabian,13,0
[deleted],manniefabian,13,0
Labrador22,manniefabian,13,0
EvilV,manniefabian,13,0
noxarea,manniefabian,13,0
Xurza,manniefabian,13,0
TehDeerLord,pockytelly,3,0
Dear_Fuck_WHY,Ted_the_ked,17,0
Bobsupman,imperialleather,0,0
Blood_Reaper,Bobsupman,2,0
imperialleather,Bobsupman,2,0
every1wins,onijin,2,0
_generic_name_here,onijin,2,0
onijin,_generic_name_here,1,0
_generic_name_here,onijin,2,0
Theo-greking,onijin,2,0
onijin,Theo-greking,1,0
Theo-greking,onijin,1,0
onijin,Theo-greking,1,0
Theo-greking,onijin,1,0
onijin,Theo-greking,1,0
Theo-greking,onijin,1,0
onijin,Theo-greking,1,0
heatmakerr,onijin,2,0
Oscarguydude,LoLOverheat,0,0
goblinish,LoLOverheat,0,0
Mah_B,NearLawliet,16,0
NearLawliet,NearLawliet,16,0
chuckdavid,NearLawliet,16,0
elgallero420,NearLawliet,16,0
chasing_the_wind,h9290,1,0
cheezlaweez,h9290,1,0
Robot_Explosion,Claeyt,2,0
[deleted],RicardoRickyRicardo,0,0
latenightfutbal,alivo,33,0
patentspatented,alivo,33,0
gilbad,alivo,33,0
amacdvt,Pkfrskip,2,0
ell20,Pkfrskip,2,0
[deleted],R1zbe3,0,0
R1zbe3,[deleted],3,0
akdigitalism,R1zbe3,0,0
R1zbe3,akdigitalism,2,0
akdigitalism,R1zbe3,3,0
Nightcaste,R1zbe3,0,0
mehatch,mehatch,1,0
CDC_,Geektrooper101,2,0
Kaih_,Geektrooper101,2,0
[deleted],Geektrooper101,2,0
Chet_Steadman_1,thelaughfactory,9,0
thelaughfactory,Chet_Steadman_1,1,0
TheOfficeJocky,NYCBartender,0,0
[deleted],NYCBartender,0,0
gruntysfc3,cowsgobumpinthenight,131,0
GoodToSayGoodbye,cowsgobumpinthenight,131,0
BroChick21,GoodToSayGoodbye,1,0
IPUNCHFLOWERS,cowsgobumpinthenight,131,0
sinRes,cowsgobumpinthenight,131,0
TopHattedCoder,sinRes,1,0
sinRes,TopHattedCoder,1,0
Melipilla,cowsgobumpinthenight,131,0
[deleted],cowsgobumpinthenight,131,0
sickofstew,patrick1375,0,0
aliensheep,sickofstew,2,0
dustygrapes,Internetopinionguy,5,0
rewardiflost,Internetopinionguy,5,0
Internetopinionguy,rewardiflost,3,0
liminallime,floatsmyg,5,0
[deleted],floatsmyg,5,0
OhYeaTotally,floatsmyg,5,0
[deleted],floatsmyg,5,0
floatsmyg,[deleted],3,0
[deleted],IStoleYourSocks,22,0
nicecleatswannaruck,IStoleYourSocks,22,0
gshhpy,IStoleYourSocks,22,0
IStoleYourSocks,gshhpy,3,0
gshhpy,IStoleYourSocks,3,0
OhYeaTotally,caviabella,4,0
caviabella,OhYeaTotally,1,0
GrandPubaBear,caviabella,4,0
caviabella,GrandPubaBear,1,0
rachiedoubt,caviabella,4,0
caviabella,rachiedoubt,1,0
rachiedoubt,caviabella,1,0
caviabella,rachiedoubt,1,0
beanx,caviabella,4,0
caviabella,beanx,2,0
beanx,caviabella,1,0
caviabella,beanx,1,0
garglemypiss,localgyro,4,0
OhYeaTotally,localgyro,4,0
localgyro,OhYeaTotally,2,0
MrTastey,localgyro,4,0
Cyfun06,MrTastey,5,0
lynxnloki,Cyfun06,1,0
localgyro,MrTastey,5,0
jericaelizabeth,Sw4yze,11,0
thrown_future,Sw4yze,11,0
[deleted],AnnaBreit,21,0
poop_dawg,AnnaBreit,21,0
yellsie,AnnaBreit,21,0
AnnaBreit,AnnaBreit,21,0
ee1,AnnaBreit,21,0
jenni5,AnnaBreit,21,0
grundyhippie,AnnaBreit,21,0
exposingmysecrets,AnnaBreit,21,0
AnnaBreit,exposingmysecrets,4,0
Kwitcher_Bitchin,bodhibell02,7,0
bodhibell02,Kwitcher_Bitchin,2,0
sexychippy,bodhibell02,1,0
bodhibell02,sexychippy,2,0
onehotmba,floatsmyg,2,0
inglorious-deviant,floatsmyg,2,0
floatsmyg,inglorious-deviant,4,0
inglorious-deviant,floatsmyg,2,0
floatsmyg,inglorious-deviant,2,0
mydaddyisadrunkass,sereneseclusion,5,0
sereneseclusion,mydaddyisadrunkass,2,0
mydaddyisadrunkass,sereneseclusion,1,0
sereneseclusion,mydaddyisadrunkass,2,0
CareflulWithThatAxe,sereneseclusion,2,0
CareflulWithThatAxe,Starovoit,3,0
[deleted],Starovoit,3,0
Sw4yze,Starovoit,3,0
Drabbeynormalblues,Starovoit,3,0
le_vulp,torontoghoul,5,0
[deleted],torontoghoul,5,0
njerome,torontoghoul,5,0
[deleted],Shock_T,4,0
Shock_T,[deleted],2,0
ramewe,Fightorgiveup,6,0
KevanBacon,Fightorgiveup,6,0
BallPointPariah,Fightorgiveup,6,0
penismelon,tweekytrap,5,0
[deleted],tweekytrap,5,0
CareflulWithThatAxe,tweekytrap,5,0
freshpondindian16,tweekytrap,5,0
tweekytrap,freshpondindian16,3,0
DavidBoreanaz,killmefaster,3,0
killmefaster,DavidBoreanaz,3,0
lovinglily,killmefaster,3,0
[deleted],lovinglily,2,0
[deleted],killmefaster,3,0
[deleted],[deleted],2,0
mydaddyisadrunkass,killmefaster,3,0
[deleted],killmefaster,3,0
[deleted],[deleted],3,0
sentientbeing351,killmefaster,3,0
bodhibell02,killmefaster,3,0
Vipassana1,killmefaster,3,0
Pippafert,inmercyrejoice,4,0
inmercyrejoice,Pippafert,2,0
Pippafert,inmercyrejoice,1,0
Pippafert,inmercyrejoice,1,0
inmercyrejoice,Pippafert,1,0
thepuncroc,YolandiFuckkinVisser,7,0
[deleted],YolandiFuckkinVisser,7,0
algohn,YolandiFuckkinVisser,7,0
Acrophobe,YolandiFuckkinVisser,7,0
justlurkingaround1,YolandiFuckkinVisser,7,0
Digiopian,YolandiFuckkinVisser,7,0
smokeshade,YolandiFuckkinVisser,7,0
[deleted],YolandiFuckkinVisser,7,0
YolandiFuckkinVisser,[deleted],7,0
Keeweebear42,PeaceSerenityFirefly,3,0
Keeweebear42,Keeweebear42,2,0
PeaceSerenityFirefly,Keeweebear42,2,0
camolhusen,PeaceSerenityFirefly,3,0
PeaceSerenityFirefly,camolhusen,3,0
Pippafert,PeaceSerenityFirefly,3,0
PeaceSerenityFirefly,Pippafert,3,0
Pippafert,PeaceSerenityFirefly,1,0
PeaceSerenityFirefly,PeaceSerenityFirefly,1,0
Pippafert,PeaceSerenityFirefly,1,0
alumavirtutem,jamesldavis1,0,0
CareflulWithThatAxe,caviabella,3,0
caviabella,CareflulWithThatAxe,1,0
CareflulWithThatAxe,caviabella,2,0
caviabella,CareflulWithThatAxe,1,0
CareflulWithThatAxe,caviabella,2,0
caviabella,CareflulWithThatAxe,1,0
smilesbot,caviabella,2,0
caviabella,smilesbot,1,0
hulahulagirl,caviabella,3,0
caviabella,hulahulagirl,2,0
[deleted],caviabella,1,0
jacksonstew,iliketurtles08_,5,0
CareflulWithThatAxe,iliketurtles08_,5,0
danny_b23,iliketurtles08_,5,0
iliketurtles08_,danny_b23,2,0
CareflulWithThatAxe,iliketurtles08_,2,0
danny_b23,iliketurtles08_,2,0
CareflulWithThatAxe,Sirronald40,5,0
Sirronald40,CareflulWithThatAxe,3,0
possiblyprobablynot,Sirronald40,5,0
Sirronald40,possiblyprobablynot,3,0
possiblyprobablynot,Sirronald40,2,0
Sirronald40,possiblyprobablynot,3,0
possiblyprobablynot,Sirronald40,3,0
GravitySkies,Sirronald40,5,0
Sirronald40,GravitySkies,6,0
LittleBlueEyes,jmattick,5,0
Crito,jmattick,5,0
-gogo-,jmattick,5,0
jmattick,-gogo-,7,0
-gogo-,jmattick,2,0
crazy_cat_broad,jmattick,2,0
hulahulagirl,jmattick,5,0
jmattick,hulahulagirl,3,0
hulahulagirl,jmattick,3,0
jmattick,hulahulagirl,2,0
hulahulagirl,jmattick,2,0
issues0989taway,lieutenantsheisskopf,7,0
lieutenantsheisskopf,issues0989taway,2,0
-gogo-,lieutenantsheisskopf,7,0
lieutenantsheisskopf,-gogo-,5,0
hoIIie,lieutenantsheisskopf,7,0
lieutenantsheisskopf,hoIIie,3,0
sidhelai,lieutenantsheisskopf,7,0
[deleted],lieutenantsheisskopf,7,0
lieutenantsheisskopf,[deleted],4,0
[deleted],isafakir,12,0
alumavirtutem,isafakir,12,0
GravitySkies,isafakir,12,0
hoIIie,isafakir,12,0
GravitySkies,hoIIie,4,0
hoIIie,GravitySkies,2,0
GravitySkies,hoIIie,2,0
Khal_Pilkington,isafakir,12,0
issues0989taway,Khal_Pilkington,8,0
Khal_Pilkington,issues0989taway,5,0
issues0989taway,Khal_Pilkington,0,0
[deleted],Khal_Pilkington,8,0
Khal_Pilkington,[deleted],4,0
[deleted],isafakir,12,0
illaqueable,NewJerseyFreakshow,3,0
JustTurrble,fakeshits,1050,0
[deleted],fakeshits,1050,0
ewilliam,[deleted],13,0
illaqueable,[deleted],13,0
kinghfb,fakeshits,1050,0
AlyoshaV,kinghfb,18,0
toUser,fakeshits,1050,0
greggersraymer,fakeshits,1050,0
[deleted],fakeshits,1050,0
bitshoptyler,[deleted],27,0
cracking,[deleted],27,0
SplodeyDope,fakeshits,1050,0
electricboogaloo,fakeshits,1050,0
mswilso,fakeshits,1050,0
SupALupRT,fakeshits,1050,0
[deleted],SupALupRT,7,0
greggersraymer,[deleted],-1,0
neoform,fakeshits,1050,0
takeshi_kovacs,neoform,2,0
neoform,takeshi_kovacs,4,0
[deleted],neoform,7,0
takeshi_kovacs,neoform,7,0
neoform,takeshi_kovacs,0,0
takeshi_kovacs,neoform,2,0
neoform,takeshi_kovacs,1,0
snake13bite,fakeshits,1050,0
JakeRhodes,fakeshits,1050,0
jambononi,fakeshits,1050,0
biergarten,fakeshits,1050,0
[deleted],fakeshits,1050,0
Aristox,[deleted],1,0
sprankton,fakeshits,1050,0
madmax991,fakeshits,71,0
NurseNesbitt,hackmebaby,72,0
alsorobots,NurseNesbitt,6,0
RaindropBebop,NurseNesbitt,6,0
[deleted],hackmebaby,72,0
matrixeffect,[deleted],25,0
zzyzx2,matrixeffect,9,0
canadianpastafarian,hackmebaby,72,0
IndependentBoof,canadianpastafarian,23,0
canadianpastafarian,IndependentBoof,14,0
TStru,canadianpastafarian,23,0
canadianpastafarian,TStru,4,0
[deleted],canadianpastafarian,23,0
canadianpastafarian,[deleted],3,0
[deleted],charlatan,2556,0
Timtankard,[deleted],24,0
kingwi11,[deleted],24,0
[deleted],kingwi11,2,0
[deleted],charlatan,2556,0
CapitalSteelo,[deleted],31,0
SauerKraus,[deleted],31,0
Llort2,SauerKraus,6,0
[deleted],[deleted],31,0
tonesters,[deleted],2,0
SamsquamtchHunter,[deleted],31,0
gas4u,[deleted],31,0
kim_jong_illin,charlatan,2556,0
Chairboy,kim_jong_illin,3,0
Amel_P1,Chairboy,8,0
[deleted],kim_jong_illin,3,0
[deleted],kim_jong_illin,3,0
dippydipdips,charlatan,2556,0
lafeeverte17,charlatan,2556,0
[deleted],lafeeverte17,-3,0
[deleted],[deleted],8,0
DeathToPennies,[deleted],9,0
RsonW,[deleted],8,0
lafeeverte17,[deleted],8,0
[deleted],lafeeverte17,-3,0
lafeeverte17,[deleted],11,0
[deleted],lafeeverte17,-11,0
lafeeverte17,[deleted],7,0
retshalgo,lafeeverte17,-6,0
lafeeverte17,retshalgo,7,0
retshalgo,lafeeverte17,-5,0
roadbuzz,lafeeverte17,-6,0
retshalgo,lafeeverte17,-11,0
tttigre,lafeeverte17,-11,0
Viper007Bond,charlatan,2556,0
gas4u,charlatan,2556,0
Docter_Bogs,gas4u,-90,0
Docter_Bogs,Docter_Bogs,-36,0
innitgrand,charlatan,2556,0
ShhGoToSleep,charlatan,2556,0
coppergone,JackREdwards,129,0
Sitcom_For,coppergone,5,0
suid,JackREdwards,129,0
[deleted],JackREdwards,129,0
JackREdwards,JackREdwards,129,0
Jam_E_Dodger,JackREdwards,129,0
metaxzen,JackREdwards,129,0
rnairnb,JackREdwards,6,0
paracog,don16,2,0
Agent-BurtMacklinFBI,charlatan,2,0
notpetbutfamily,fakeshits,5,0
smorebtts,doogie92,4,0
bbqbot,onlysomeday28,0,0
abbm,orru,7,0
TheOneCalledAtlas,fakeshits,1472,0
Grindolf,TheOneCalledAtlas,290,0
emptythecache,Grindolf,88,0
bustednbruised,Grindolf,88,0
SarcasticOptimist,bustednbruised,8,0
JustTurrble,TheOneCalledAtlas,290,0
rjung,fakeshits,1472,0
DontPanicJustDance,rjung,116,0
Yumm_Yumm_the_Man,DontPanicJustDance,39,0
KadenTau,Yumm_Yumm_the_Man,81,0
superdeluxe1,KadenTau,64,0
McDeth,KadenTau,64,0
KadenTau,McDeth,18,0
theonewhoabides,KadenTau,20,0
[deleted],theonewhoabides,8,0
[deleted],[deleted],14,0
[deleted],[deleted],13,0
GameofCheese,McDeth,18,0
FredFredrickson,GameofCheese,12,0
McDeth,FredFredrickson,12,0
FredFredrickson,McDeth,1,0
KadenTau,McDeth,18,0
OEMcatballs,KadenTau,3,0
KadenTau,OEMcatballs,1,0
OEMcatballs,KadenTau,1,0
jihiggs,KadenTau,64,0
superdeluxe1,KadenTau,64,0
Yumm_Yumm_the_Man,KadenTau,64,0
KadenTau,Yumm_Yumm_the_Man,3,0
Yumm_Yumm_the_Man,KadenTau,14,0
[deleted],Yumm_Yumm_the_Man,-1,0
JustJonny,[deleted],10,0
KadenTau,Yumm_Yumm_the_Man,-1,0
[deleted],Yumm_Yumm_the_Man,-1,0
MaximilianKohler,KadenTau,64,0
thelastbaron,Yumm_Yumm_the_Man,81,0
Poromenos,thelastbaron,22,0
macrocephalic,Poromenos,18,0
ANEPICLIE,Poromenos,18,0
DARIF,ANEPICLIE,3,0
ANEPICLIE,DARIF,1,0
Yumm_Yumm_the_Man,thelastbaron,22,0
thelastbaron,Yumm_Yumm_the_Man,-1,0
bushwakko,Yumm_Yumm_the_Man,81,0
Yumm_Yumm_the_Man,bushwakko,5,0
bushwakko,Yumm_Yumm_the_Man,1,0
Yumm_Yumm_the_Man,bushwakko,1,0
twowordz,Yumm_Yumm_the_Man,81,0
[deleted],Yumm_Yumm_the_Man,81,0
Yumm_Yumm_the_Man,[deleted],3,0
Hawkeye1867,Yumm_Yumm_the_Man,81,0
GameofCheese,Yumm_Yumm_the_Man,81,0
iamwearingashirt,Yumm_Yumm_the_Man,81,0
FredFredrickson,Yumm_Yumm_the_Man,81,0
brunes,Yumm_Yumm_the_Man,81,0
[deleted],Yumm_Yumm_the_Man,81,0
N8theGr8,[deleted],0,0
Serious_Senator,[deleted],0,0
thelastbaron,[deleted],0,0
Haindelmers,[deleted],0,0
[deleted],Haindelmers,3,0
EatSleepJeep,[deleted],0,0
VenomB,[deleted],0,0
Yumm_Yumm_the_Man,[deleted],0,0
[deleted],Yumm_Yumm_the_Man,4,0
[deleted],DontPanicJustDance,39,0
[deleted],[deleted],7,0
squamesh,[deleted],13,0
superdeluxe1,squamesh,4,0
redwall_hp,[deleted],7,0
Shotgun_Sentinel,redwall_hp,2,0
Shotgun_Sentinel,[deleted],7,0
[deleted],Shotgun_Sentinel,1,0
Shotgun_Sentinel,[deleted],2,0
CookInKona,[deleted],7,0
higherbrow,CookInKona,-2,0
m1a2c2kali,higherbrow,12,0
higherbrow,m1a2c2kali,3,0
Shotgun_Sentinel,higherbrow,1,0
higherbrow,Shotgun_Sentinel,1,0
Shotgun_Sentinel,higherbrow,1,0
superdeluxe1,higherbrow,12,0
higherbrow,superdeluxe1,5,0
Shotgun_Sentinel,higherbrow,8,0
Astrognome,higherbrow,12,0
higherbrow,Astrognome,2,0
Shotgun_Sentinel,higherbrow,2,0
higherbrow,Shotgun_Sentinel,1,0
Shotgun_Sentinel,higherbrow,2,0
[deleted],CookInKona,-2,0
marzolian,DontPanicJustDance,39,0
calcium,rjung,116,0
potentpotables,rjung,116,0
Marzhall,potentpotables,5,0
frotc914,Marzhall,34,0
ktmrider119z,frotc914,31,0
frotc914,ktmrider119z,11,0
higherbrow,ktmrider119z,11,0
ktmrider119z,higherbrow,1,0
mydearwatson616,ktmrider119z,11,0
RsonW,mydearwatson616,1,0
ktmrider119z,mydearwatson616,1,0
redwall_hp,frotc914,31,0
sleepy55,Marzhall,34,0
JustVashu,sleepy55,15,0
madsock,JustVashu,11,0
idiot_proof,sleepy55,15,0
silverbackjack,Marzhall,34,0
[deleted],rjung,116,0
zekoku1,fakeshits,1472,0
CatastropheJohn,fakeshits,1472,0
MacGyverMacGuffin,fakeshits,1472,0
LincolnHighwater,MacGyverMacGuffin,15,0
jb4427,MacGyverMacGuffin,15,0
nDQ9UeOr,MacGyverMacGuffin,15,0
superdeluxe1,nDQ9UeOr,7,0
curly123,fakeshits,1472,0
Will_Power,fakeshits,1472,0
gynoceros,Will_Power,8,0
no-compassion,Will_Power,8,0
glass_daggers,no-compassion,65,0
[deleted],glass_daggers,16,0
glass_daggers,[deleted],38,0
[deleted],glass_daggers,12,0
glass_daggers,[deleted],7,0
[deleted],glass_daggers,3,0
theonewhoabides,[deleted],5,0
noreservations81590,theonewhoabides,2,0
AtomicSteve21,theonewhoabides,2,0
glass_daggers,[deleted],5,0
studiov34,glass_daggers,16,0
rasputine,glass_daggers,16,0
The_Potato_God99,glass_daggers,16,0
no-compassion,glass_daggers,16,0
[deleted],no-compassion,65,0
no-compassion,[deleted],2,0
[deleted],no-compassion,1,0
no-compassion,[deleted],1,0
redwall_hp,[deleted],2,0
Will_Power,no-compassion,65,0
Taibo,Will_Power,6,0
lounsbery,Taibo,10,0
Taibo,lounsbery,18,0
Will_Power,Taibo,11,0
fripletister,Will_Power,8,0
lounsbery,Taibo,11,0
Will_Power,Taibo,10,0
Rombom,Will_Power,5,0
Will_Power,Rombom,5,0
Taibo,Will_Power,5,0
Will_Power,Taibo,2,0
Taibo,Will_Power,1,0
DdCno1,Will_Power,8,0
fripletister,Will_Power,8,0
munificent,fripletister,32,0
rjung,fripletister,32,0
gmolevitz,fripletister,32,0
bookant,Will_Power,8,0
Kazaril,Will_Power,8,0
Will_Power,Kazaril,8,0
skwigger,Will_Power,8,0
Will_Power,skwigger,2,0
threeys,Will_Power,8,0
randomdrifter54,Will_Power,8,0
[deleted],randomdrifter54,4,0
joeydeljr104,[deleted],4,0
frotc914,joeydeljr104,4,0
tubameister,joeydeljr104,4,0
joeydeljr104,tubameister,5,0
glass_daggers,joeydeljr104,4,0
amus,Will_Power,8,0
knobbysideup,Will_Power,8,0
Will_Power,knobbysideup,1,0
knobbysideup,fakeshits,1472,0
Leo_Kru,knobbysideup,2,0
spp41,knobbysideup,2,0
StickmanPirate,spp41,8,0
amus,knobbysideup,2,0
AtomicSteve21,knobbysideup,2,0
Spatulism,knobbysideup,2,0
Marzhall,Spatulism,4,0
[deleted],Marzhall,3,0
Spurnout,[deleted],8,0
onan,Marzhall,3,0
Marzhall,onan,5,0
Spatulism,Marzhall,3,0
dalethefarmer,fakeshits,1472,0
AtomicSteve21,dalethefarmer,3,0
thefightingmongoose,fakeshits,1472,0
lightninhopkins,fakeshits,1472,0
Chowley_1,lightninhopkins,1,0
Chief91,davurl,1332,0
Mr_Smartypants,Chief91,45,0
okmkz,Mr_Smartypants,9,0
Mr_Smartypants,okmkz,5,0
Jonathan_the_Nerd,Mr_Smartypants,9,0
df27hswj95bdt3vr8gw2,Chief91,45,0
PrinceOfCups13,df27hswj95bdt3vr8gw2,17,0
fuk_dapolice,davurl,1332,0
BindeDSA,fuk_dapolice,10,0
[deleted],fuk_dapolice,10,0
[deleted],[deleted],3,0
[deleted],[deleted],1,0
jesuschrysler69,davurl,1332,0
Whiteberry,davurl,1332,0
hunter8790,davurl,1332,0
CarnivalOfSorts,davurl,1332,0
dropmealready,davurl,1332,0
[deleted],davurl,1332,0
Kemintiri,davurl,1332,0
homer1969,Kemintiri,1,0
PabloKim,davurl,1332,0
[deleted],davurl,1332,0
Dr_Eastman,[deleted],-1,0
luster,Dr_Eastman,1,0
Dr_Eastman,luster,0,0
[deleted],Dr_Eastman,1,0
Dr_Eastman,[deleted],-2,0
[deleted],Dr_Eastman,1,0
Dr_Eastman,[deleted],2,0
CosmicNoises,davurl,1332,0
darwinsaves,AlmightySonOfBob,44,0
Wokcus,AlmightySonOfBob,44,0
AlmightySonOfBob,Wokcus,3,0
killswithspoon,AlmightySonOfBob,2,0
AlmightySonOfBob,killswithspoon,3,0
[deleted],AlmightySonOfBob,44,0
jakub_h,[deleted],3,0
adhding_nerd,loogawa,273,0
withoutapaddle,adhding_nerd,25,0
GreatXenophon,withoutapaddle,10,0
wontooforate,withoutapaddle,10,0
withoutapaddle,wontooforate,2,0
creepyeyes,withoutapaddle,10,0
[deleted],loogawa,273,0
SpelingTroll,[deleted],11,0
roddds,SpelingTroll,5,0
loogawa,loogawa,273,0
Aeroshock,loogawa,273,0
kinglupid,loogawa,273,0
ctrl_alt_del_,loogawa,273,0
fotoman,loogawa,273,0
loogawa,fotoman,1,0
fotoman,loogawa,2,0
10after6,fotoman,1,0
fotoman,10after6,1,0
Tubi2shoes,loogawa,273,0
_FreeThinker,_FreeThinker,6,0
JackiePollockBrown,_FreeThinker,6,0
[deleted],butterflydisses,76,0
NameAlreadyTaken2,[deleted],0,0
[deleted],butterflydisses,76,0
ItchyXD,AlmightySonOfBob,681,0
juliusseizure,ItchyXD,12,0
oddmanout,Bumhug1000,13,0
f6edcd7a,dustyjuicebox,9,0
suburbanpsyco6,dustyjuicebox,9,0
maremp,dustyjuicebox,9,0
A_C_Fenderson,wtf_is_a_reddit,93,0
PirataPHP,A_C_Fenderson,4,0
TheKiwi5000,defufna,114,0
larso0,TheKiwi5000,10,0
drudgelmir,larso0,28,0
rubyton,defufna,114,0
minno,defufna,114,0
peter_bolton,laggingreflex,7,0
RewindHoodie,phragg,58,0
Java_Beans,phragg,58,0
RealTimeCock,phragg,58,0
caweren,RealTimeCock,2,0
phragg,caweren,25,0
sammysounder,phragg,2,0
[deleted],caweren,25,0
[deleted],[deleted],2,0
[deleted],[deleted],1,0
[deleted],[deleted],1,0
BonaparteCockletit,RealTimeCock,2,0
TheOldTubaroo,BonaparteCockletit,1,0
maremp,phragg,58,0
[deleted],maremp,0,0
maremp,[deleted],5,0
where_is_my_vagina,maremp,2,0
[deleted],maremp,2,0
maremp,[deleted],2,0
[deleted],maremp,1,0
Terreurhaas,[deleted],2,0
nsimic,Terreurhaas,1,0
trashbuged,ekiwok_,40,0
[deleted],ekiwok_,40,0
bashedice,[deleted],21,0
The_SJ,bashedice,5,0
[deleted],The_SJ,1,0
The_SJ,[deleted],1,0
The_SJ,ekiwok_,40,0
MuffinsLovesYou,The_SJ,9,0
DoxxMeOnce,MuffinsLovesYou,15,0
Asterne,MuffinsLovesYou,15,0
mbthegreat,ekiwok_,40,0
SmartAssUsername,ekiwok_,40,0
ekiwok_,ekiwok_,40,0
rmccue,ekiwok_,2,0
ekiwok_,rmccue,1,0
mnbvas,ekiwok_,2,0
tungstan,ekiwok_,2,0
Teknoman117,ekiwok_,40,0
ioquatix,ekiwok_,40,0
TomNa,phunanon,3,0
holloway,phunanon,3,0
Skyler827,silenthunt,0,0
SuperCrusader,silenthunt,0,0
an_actual_human,SuperCrusader,4,0
SuperCrusader,an_actual_human,2,0
an_actual_human,SuperCrusader,0,0
SuperCrusader,an_actual_human,1,0
an_actual_human,SuperCrusader,0,0
SuperCrusader,an_actual_human,-1,0
an_actual_human,SuperCrusader,0,0
SuperCrusader,an_actual_human,0,0
an_actual_human,SuperCrusader,1,0
Java_Beans,SuperCrusader,4,0
SuperCrusader,Java_Beans,1,0
Java_Beans,SuperCrusader,2,0
jhill1ec,silenthunt,0,0
Straussberg,jhill1ec,7,0
TheKiwi5000,silenthunt,0,0
lolredditftw,borick,152,0
Liver_and_Yumnions,lolredditftw,11,0
lolredditftw,Liver_and_Yumnions,3,0
m_0g,borick,152,0
cube-drone,m_0g,8,0
m_0g,cube-drone,13,0
cube-drone,m_0g,3,0
novacrazy,cube-drone,4,0
dzh,cube-drone,13,0
cube-drone,dzh,1,0
dzh,cube-drone,1,0
cube-drone,dzh,1,0
dzh,cube-drone,1,0
borick,borick,152,0
b1ackcat,borick,8,0
borick,b1ackcat,32,0
aerosole,borick,4,0
kurashu89,aerosole,1,0
borick,aerosole,1,0
aerosole,borick,3,0
borick,aerosole,1,0
dnew,aerosole,1,0
brandjon,aerosole,1,0
thesmithdynasty,aerosole,1,0
Wibbles,b1ackcat,32,0
b1ackcat,Wibbles,1,0
Wibbles,b1ackcat,2,0
b1ackcat,Wibbles,1,0
ByteOutOfLife,Wibbles,1,0
nonarkitten,ByteOutOfLife,1,0
ByteOutOfLife,b1ackcat,32,0
cube-drone,borick,8,0
borick,cube-drone,3,0
dnew,borick,1,0
bashedice,borick,8,0
borick,bashedice,6,0
ddonuts4,borick,8,0
HelperBot_,ddonuts4,2,0
borick,ddonuts4,2,0
[deleted],borick,152,0
NotADamsel,[deleted],3,0
dnew,NotADamsel,3,0
herazot,borick,152,0
donbrownmon,borick,152,0
SelfReferenceParadox,Hullu2000,136,0
[deleted],Hullu2000,136,0
Rustywolf,[deleted],11,0
glug_glug_glug,Rustywolf,6,0
Rustywolf,glug_glug_glug,6,0
katyne,Hullu2000,136,0
Sloop_man,Hullu2000,136,0
Iliketofeeluplifted,Hullu2000,136,0
dashingDonWilliams,Hullu2000,136,0
Liver_and_Yumnions,Hullu2000,136,0
I-Code-Things,Liver_and_Yumnions,7,0
I-Code-Things,Hullu2000,136,0
KiwiThunda,I-Code-Things,7,0
I-Code-Things,KiwiThunda,3,0
OKB-1,Hullu2000,136,0
understated_panda,Hullu2000,136,0
agyachakra,Hullu2000,136,0
Antrikshy,Hullu2000,136,0
cjwelborn,levidurfee,2,0
levidurfee,cjwelborn,3,0
cjwelborn,levidurfee,2,0
levidurfee,cjwelborn,3,0
F41LUR3,levidurfee,2,0
levidurfee,F41LUR3,2,0
F41LUR3,levidurfee,1,0
levidurfee,F41LUR3,2,0
F41LUR3,levidurfee,1,0
levidurfee,F41LUR3,2,0
levidurfee,levidurfee,2,0
110011001100,110011001100,51,0
rdvl97,110011001100,51,0
akronymus,110011001100,51,0
mitchell271,110011001100,51,0
webbannana,110011001100,51,0
BigSeeProduction,110011001100,51,0
BigSeeProduction,110011001100,51,0
EnergyMatterRD,Medulla0blongata,189,0
Medulla0blongata,EnergyMatterRD,16,0
conklech,Medulla0blongata,9,0
A_C_Fenderson,conklech,4,0
Halzyn,Medulla0blongata,189,0
Medulla0blongata,Halzyn,11,0
[deleted],Medulla0blongata,189,0
buttcomputing,Medulla0blongata,189,0
WestonP,Medulla0blongata,189,0
gprime312,Medulla0blongata,189,0
O_nlogn,ethan476,62,0
omegletrollz,O_nlogn,12,0
RenaKunisaki,ethan476,62,0
mitchell271,ethan476,62,0
KounRyuSui,dtinth,3,0
KFCNyanCat,dtinth,3,0
[deleted],ninjapig123,291,0
stesch,[deleted],7,0
[deleted],Styyxx,44,0
xkcd_transcriber,[deleted],4,0
A_C_Fenderson,Styyxx,44,0
junta12,A_C_Fenderson,3,0
lars_h4,Styyxx,44,0
Styyxx,lars_h4,3,0
the-ace,sheepiroth,1709,0
VeXCe,the-ace,330,0
the-ace,VeXCe,337,0
VeXCe,the-ace,75,0
Hexorg,VeXCe,44,0
ghillisuit95,Hexorg,37,0
Kiefyking,ghillisuit95,13,0
edreih,Kiefyking,15,0
Kirean,Kiefyking,15,0
woutske,ghillisuit95,13,0
pardoman,Hexorg,37,0
Hexorg,pardoman,5,0
DrummerHead,the-ace,75,0
interiot,DrummerHead,19,0
iggy14750,interiot,15,0
humoroushaxor,VeXCe,337,0
X-Firecooler,VeXCe,337,0
highphive,VeXCe,337,0
scubascratch,VeXCe,337,0
bgeron,VeXCe,337,0
SilasX,VeXCe,337,0
topsecretthrowaway47,the-ace,330,0
a_persian,topsecretthrowaway47,208,0
Machina581c,a_persian,89,0
Lag-Switch,Machina581c,47,0
jiminiminimini,Lag-Switch,37,0
a_persian,Machina581c,47,0
GlowInTheDarkDonkey,a_persian,17,0
mach_kernel,a_persian,89,0
clesiemo3,a_persian,89,0
LovesVolt,topsecretthrowaway47,208,0
topsecretthrowaway47,LovesVolt,21,0
a_persian,topsecretthrowaway47,28,0
minnek,a_persian,9,0
1SweetChuck,a_persian,9,0
THeShinyHObbiest,topsecretthrowaway47,28,0
soulslicer0,THeShinyHObbiest,3,0
DFYX,topsecretthrowaway47,208,0
5diggs,topsecretthrowaway47,208,0
Zeeker,topsecretthrowaway47,208,0
xmashamm,topsecretthrowaway47,208,0
skullydazed,xmashamm,5,0
qwertyshark,topsecretthrowaway47,208,0
Decker108,qwertyshark,6,0
ThisIsMyCouchAccount,Decker108,7,0
qwertyshark,Decker108,7,0
Garband,topsecretthrowaway47,208,0
topsecretthrowaway47,Garband,3,0
Garband,topsecretthrowaway47,24,0
minnek,Garband,2,0
ThisIsMyCouchAccount,Garband,2,0
autowikibot,topsecretthrowaway47,24,0
MrValdez,topsecretthrowaway47,208,0
redditcdnfanguy,topsecretthrowaway47,208,0
-sent,topsecretthrowaway47,208,0
mitchell271,topsecretthrowaway47,208,0
BrushGuyThreepwood,topsecretthrowaway47,208,0
TheAceOfHearts,topsecretthrowaway47,208,0
none_shall_pass,topsecretthrowaway47,208,0
Zaemz,none_shall_pass,2,0
none_shall_pass,Zaemz,1,0
Zeeker,the-ace,330,0
beohoff,sheepiroth,1709,0
[deleted],beohoff,122,0
palmin,[deleted],85,0
beohoff,palmin,45,0
scubascratch,beohoff,37,0
beohoff,scubascratch,12,0
jbee0,beohoff,25,0
beohoff,jbee0,13,0
jbee0,beohoff,17,0
beohoff,jbee0,2,0
Arandur,beohoff,17,0
[deleted],beohoff,25,0
beohoff,[deleted],7,0
AgletsHowDoTheyWork,beohoff,6,0
beohoff,AgletsHowDoTheyWork,1,0
AboutNegativeZero,beohoff,37,0
n1c0_ds,palmin,45,0
palmin,n1c0_ds,2,0
n1c0_ds,palmin,6,0
shawncplus,n1c0_ds,4,0
n1c0_ds,shawncplus,12,0
shawncplus,n1c0_ds,3,0
ThisIsMyCouchAccount,shawncplus,5,0
elHuron,shawncplus,5,0
odraencoded,palmin,6,0
noratat,palmin,6,0
yads12,[deleted],85,0
beohoff,yads12,5,0
skullydazed,beohoff,3,0
shaggyzon4,skullydazed,24,0
interiot,[deleted],85,0
beohoff,interiot,6,0
none_shall_pass,interiot,6,0
interiot,none_shall_pass,3,0
ThisIsMyCouchAccount,[deleted],85,0
01hair,[deleted],85,0
[deleted],beohoff,122,0
MiatasAreForGirls,[deleted],4,0
[deleted],MiatasAreForGirls,13,0
[deleted],[deleted],13,0
[deleted],[deleted],9,0
MSgtGunny,[deleted],13,0
[deleted],MSgtGunny,6,0
MSgtGunny,[deleted],8,0
hartez,MSgtGunny,7,0
MiatasAreForGirls,[deleted],13,0
[deleted],[deleted],13,0
smegmatron,[deleted],4,0
beohoff,[deleted],4,0
[deleted],beohoff,122,0
tusksrus,beohoff,122,0
YMK1234,sheepiroth,1709,0
rtfmpls,YMK1234,173,0
Hook3d,rtfmpls,212,0
Neebat,Hook3d,51,0
mitchell271,Neebat,15,0
Neebat,mitchell271,32,0
mitchell271,Neebat,19,0
Neebat,mitchell271,11,0
mitchell271,Neebat,12,0
odraencoded,Neebat,19,0
minalear,Neebat,19,0
[deleted],mitchell271,32,0
CodioBunny,[deleted],2,0
[deleted],mitchell271,32,0
YM_Industries,[deleted],3,0
dasonk,sheepiroth,1709,0
hungry4pie,dasonk,49,0
fetch_me_a_block,hungry4pie,42,0
HeroesGrave,dasonk,49,0
Thameus,sheepiroth,1709,0
wittyrandomusername,sheepiroth,1709,0
[deleted],wittyrandomusername,26,0
01hair,[deleted],26,0
Kyanche,wittyrandomusername,26,0
OfficerFeely,Kyanche,3,0
fizzl,sheepiroth,1709,0
TheTarquin,fizzl,16,0
rocksumos,sheepiroth,1709,0
iambeard,rocksumos,14,0
BobBeaney,sheepiroth,1709,0
ItsDieselTime,sheepiroth,1709,0
sollipse,sheepiroth,1709,0
Treyzania,sollipse,26,0
jfb1337,sheepiroth,1709,0
fizzl,sheepiroth,1709,0
sheepiroth,fizzl,9,0
lolredditftw,sheepiroth,9,0
WolfBro,sheepiroth,1709,0
ExecutiveChimp,WolfBro,15,0
skunk_funk,WolfBro,15,0
antiname,skunk_funk,10,0
tonydrago,skunk_funk,10,0
odraencoded,tonydrago,2,0
watermeloncup,tonydrago,2,0
absinthe718,sheepiroth,1709,0
akeryw,sheepiroth,1709,0
feketegy,sheepiroth,1709,0
Josh6889,sheepiroth,1709,0
PendragonDaGreat,sheepiroth,1709,0
Andernerd,PendragonDaGreat,5,0
PendragonDaGreat,Andernerd,2,0
wagedomain,sheepiroth,1709,0
TheDarkIn1978,wagedomain,4,0
arabica_coffee,sheepiroth,1709,0
TheJonesJonesJones,sheepiroth,1709,0
ClickHereForBacardi,sheepiroth,1709,0
benderunit9000,sheepiroth,1709,0
sheepiroth,benderunit9000,2,0
nolongerilurk,benderunit9000,2,0
FecklessFool,sheepiroth,1709,0
TheGreenJedi,sheepiroth,1709,0
Rohaq,sheepiroth,1709,0
ghillerd,sheepiroth,1709,0
jelloeater85,ghillerd,2,0
HackingInfo,jelloeater85,25,0
ThrustVectoring,HackingInfo,9,0
suppow,ThrustVectoring,10,0
ThrustVectoring,suppow,7,0
jelloeater85,ThrustVectoring,10,0
spin81,ThrustVectoring,10,0
[deleted],jelloeater85,25,0
PM_ME_ALL_YOUR_THING,jelloeater85,25,0
Moter8,jelloeater85,25,0
hk__,Moter8,7,0
[deleted],Moter8,7,0
OfficerFeely,ghillerd,2,0
suppow,sheepiroth,1709,0
ndguardian,sheepiroth,1709,0
Firenter,wolfincommand,58,0
mitchell271,wolfincommand,58,0
andrewpiroli,RushTea,22,0
RushTea,andrewpiroli,5,0
Laloeka,RushTea,3,0
RushTea,Laloeka,1,0
RulerOf,andrewpiroli,5,0
RushTea,RulerOf,2,0
1800k001,RushTea,2,0
1800k001,andrewpiroli,5,0
TheKiwi5000,RushTea,22,0
H4kor,70MB3KE11ER,37,0
OKB-1,H4kor,13,0
YoungAdultFriction,70MB3KE11ER,37,0
70MB3KE11ER,YoungAdultFriction,8,0
KamiKagutsuchi,70MB3KE11ER,6,0
BrushGuyThreepwood,70MB3KE11ER,37,0
WinMac32,BrushGuyThreepwood,1,0
BrushGuyThreepwood,WinMac32,3,0
70MB3KE11ER,BrushGuyThreepwood,1,0
[deleted],odiistorm,19,0
minicl55,odiistorm,19,0
Cyb3rWaste,mbarkhau,53,0
junta12,Cyb3rWaste,14,0
[deleted],mbarkhau,53,0
Lackmeier,mbarkhau,53,0
Ferdi265,Lackmeier,3,0
cironoric,mbarkhau,53,0
maremp,mbarkhau,53,0
erebe,maremp,1,0
maremp,erebe,4,0
mbarkhau,maremp,1,0
maremp,mbarkhau,2,0
AeroNotix,mbarkhau,53,0
kubukoz,rcane,30,0
sloggz,theallamphibious,0,0
[deleted],theallamphibious,0,0
Glory2Hypnotoad,theallamphibious,0,0
[deleted],theallamphibious,0,0
Sadsharks,theallamphibious,0,0
Kraggen,Kraggen,4,0
___OccamsChainsaw___,Kraggen,4,0
Kraggen,___OccamsChainsaw___,3,0
___OccamsChainsaw___,Kraggen,1,0
Kraggen,___OccamsChainsaw___,4,0
___OccamsChainsaw___,Kraggen,-1,0
Kraggen,___OccamsChainsaw___,5,0
___OccamsChainsaw___,Kraggen,1,0
Kraggen,___OccamsChainsaw___,2,0
___OccamsChainsaw___,Kraggen,1,0
DeltaBot,Kraggen,1,0
[deleted],Kraggen,4,0
Kraggen,[deleted],3,0
[deleted],Kraggen,0,0
[deleted],Kraggen,4,0
Kraggen,[deleted],3,0
[deleted],Kraggen,0,0
Kraggen,[deleted],3,0
Uof3,justhappytobeonTV,3,0
justhappytobeonTV,Uof3,2,0
Uof3,justhappytobeonTV,1,0
lollerkeet,justhappytobeonTV,3,0
KhaleesiBubblegum,lollerkeet,6,0
justhappytobeonTV,KhaleesiBubblegum,0,0
[deleted],justhappytobeonTV,-2,0
Deansdale,justhappytobeonTV,3,0
pgc,justhappytobeonTV,3,0
justhappytobeonTV,pgc,0,0
GnosticGnome,justhappytobeonTV,3,0
riggorous,GnosticGnome,0,0
GnosticGnome,riggorous,2,0
justhappytobeonTV,GnosticGnome,1,0
GnosticGnome,justhappytobeonTV,1,0
IAmAN00bie,OutOfNiceUsernames,10,0
OutOfNiceUsernames,IAmAN00bie,11,0
beer_demon,OutOfNiceUsernames,10,0
OutOfNiceUsernames,beer_demon,4,0
beer_demon,OutOfNiceUsernames,2,0
OutOfNiceUsernames,beer_demon,3,0
beer_demon,OutOfNiceUsernames,0,0
OutOfNiceUsernames,beer_demon,2,0
beer_demon,OutOfNiceUsernames,1,0
OutOfNiceUsernames,beer_demon,3,0
beer_demon,OutOfNiceUsernames,1,0
[deleted],OutOfNiceUsernames,10,0
OutOfNiceUsernames,[deleted],11,0
nitpickyCorrections,OutOfNiceUsernames,10,0
OutOfNiceUsernames,nitpickyCorrections,3,0
inkydiamonds,OutOfNiceUsernames,10,0
OutOfNiceUsernames,inkydiamonds,1,0
jayjay091,OutOfNiceUsernames,10,0
swill128,OutOfNiceUsernames,10,0
OutOfNiceUsernames,swill128,0,0
swill128,OutOfNiceUsernames,-1,0
Raintee97,OutOfNiceUsernames,10,0
parentheticalobject,OutOfNiceUsernames,10,0
[deleted],sarcasm24,6,0
sarcasm24,[deleted],12,0
tromboneforlife,sarcasm24,-2,0
[deleted],sarcasm24,-2,0
championofobscurity,sarcasm24,6,0
sarcasm24,championofobscurity,3,0
championofobscurity,sarcasm24,1,0
CutOffUrJohnson,sarcasm24,6,0
sarcasm24,CutOffUrJohnson,8,0
CutOffUrJohnson,sarcasm24,1,0
sarcasm24,CutOffUrJohnson,5,0
NeverQuiteEnough,sarcasm24,0,0
sarcasm24,NeverQuiteEnough,3,0
NeverQuiteEnough,sarcasm24,1,0
TulasShorn,sarcasm24,6,0
leiner63,sarcasm24,6,0
sarcasm24,leiner63,2,0
leiner63,sarcasm24,1,0
fatal__flaw,sarcasm24,6,0
sarcasm24,fatal__flaw,3,0
fatal__flaw,sarcasm24,0,0
5510,sarcasm24,6,0
ulyssessword,sarcasm24,6,0
ADdV,sarcasm24,6,0
sarcasm24,ADdV,2,0
Tuokaerf10,sarcasm24,0,0
ADdV,sarcasm24,0,0
nevrin,sarcasm24,6,0
sarcasm24,nevrin,3,0
Tuokaerf10,sarcasm24,-2,0
TimeTravellerSmith,sarcasm24,6,0
VAGINA_BLOODFART,sarcasm24,6,0
sarcasm24,VAGINA_BLOODFART,2,0
tromboneforlife,sarcasm24,-2,0
VAGINA_BLOODFART,sarcasm24,-2,0
beer_demon,sarcasm24,6,0
sarcasm24,beer_demon,2,0
beer_demon,sarcasm24,0,0
LivingReason,sarcasm24,6,0
sarcasm24,LivingReason,1,0
LivingReason,sarcasm24,0,0
Sandbocks,sarcasm24,6,0
WindChicken,sarcasm24,6,0
Kraggen,sarcasm24,6,0
Kardlonoc,sarcasm24,6,0
Souphanousinfone,sarcasm24,6,0
[deleted],sarcasm24,6,0
mirror_truth,WhenSnowDies,18,0
WhenSnowDies,mirror_truth,7,0
NeverQuiteEnough,WhenSnowDies,0,0
WhenSnowDies,NeverQuiteEnough,3,0
NeverQuiteEnough,WhenSnowDies,1,0
WhenSnowDies,NeverQuiteEnough,3,0
NeverQuiteEnough,WhenSnowDies,1,0
WhenSnowDies,NeverQuiteEnough,3,0
NeverQuiteEnough,WhenSnowDies,1,0
WhenSnowDies,NeverQuiteEnough,2,0
mirror_truth,WhenSnowDies,0,0
WhenSnowDies,mirror_truth,2,0
jayjay091,WhenSnowDies,0,0
WhenSnowDies,jayjay091,6,0
JoshuaZ1,WhenSnowDies,-1,0
WhenSnowDies,JoshuaZ1,5,0
JoshuaZ1,WhenSnowDies,1,0
WhenSnowDies,JoshuaZ1,2,0
JoshuaZ1,WhenSnowDies,-2,0
JoshuaZ1,WhenSnowDies,18,0
WhenSnowDies,JoshuaZ1,3,0
JoshuaZ1,WhenSnowDies,0,0
WhenSnowDies,JoshuaZ1,3,0
almightySapling,WhenSnowDies,0,0
WhenSnowDies,almightySapling,2,0
JoshuaZ1,WhenSnowDies,0,0
WhenSnowDies,JoshuaZ1,2,0
[deleted],WhenSnowDies,18,0
WhenSnowDies,[deleted],3,0
[deleted],WhenSnowDies,1,0
WhenSnowDies,[deleted],2,0
funmaker0206,WhenSnowDies,18,0
WhenSnowDies,funmaker0206,3,0
JoshuaZ1,WhenSnowDies,0,0
WhenSnowDies,JoshuaZ1,3,0
JoshuaZ1,WhenSnowDies,1,0
WhenSnowDies,JoshuaZ1,2,0
JoshuaZ1,WhenSnowDies,1,0
WhenSnowDies,JoshuaZ1,1,0
JoshuaZ1,WhenSnowDies,0,0
WhenSnowDies,JoshuaZ1,2,0
mrgoodnighthairdo,WhenSnowDies,18,0
WhenSnowDies,mrgoodnighthairdo,4,0
mrgoodnighthairdo,WhenSnowDies,0,0
WhenSnowDies,mrgoodnighthairdo,3,0
mrgoodnighthairdo,WhenSnowDies,1,0
WhenSnowDies,mrgoodnighthairdo,3,0
almightySapling,WhenSnowDies,1,0
WhenSnowDies,almightySapling,2,0
almightySapling,WhenSnowDies,1,0
WhenSnowDies,almightySapling,2,0
almightySapling,WhenSnowDies,18,0
WhenSnowDies,almightySapling,2,0
SevenAugust,WhenSnowDies,18,0
WhenSnowDies,SevenAugust,8,0
SevenAugust,WhenSnowDies,0,0
WhenSnowDies,SevenAugust,6,0
SevenAugust,WhenSnowDies,-5,0
WhenSnowDies,SevenAugust,3,0
JoshuaZ1,WhenSnowDies,0,0
SevenAugust,WhenSnowDies,0,0
[deleted],WhenSnowDies,0,0
JoshuaZ1,WhenSnowDies,-5,0
WhenSnowDies,JoshuaZ1,6,0
JoshuaZ1,WhenSnowDies,0,0
[deleted],WhenSnowDies,-5,0
SevenAugust,WhenSnowDies,-5,0
Kraggen,WhenSnowDies,18,0
WhenSnowDies,Kraggen,1,0
JoshuaZ1,WhenSnowDies,1,0
WhenSnowDies,JoshuaZ1,2,0
JoshuaZ1,WhenSnowDies,1,0
WhenSnowDies,JoshuaZ1,1,0
JoshuaZ1,WhenSnowDies,1,0
WhenSnowDies,JoshuaZ1,2,0
JoshuaZ1,WhenSnowDies,1,0
WhenSnowDies,JoshuaZ1,1,0
funmaker0206,WhenSnowDies,18,0
What2DoWithThou,trashlunch,0,0
trashlunch,What2DoWithThou,2,0
What2DoWithThou,trashlunch,3,0
trashlunch,What2DoWithThou,1,0
RustyRook,trashlunch,0,0
trashlunch,RustyRook,6,0
RustyRook,trashlunch,1,0
trashlunch,RustyRook,2,0
RustyRook,trashlunch,2,0
trashlunch,RustyRook,1,0
RustyRook,trashlunch,2,0
trashlunch,RustyRook,1,0
RustyRook,trashlunch,2,0
heelspider,trashlunch,0,0
trashlunch,heelspider,4,0
heelspider,trashlunch,1,0
trashlunch,heelspider,1,0
heelspider,trashlunch,0,0
trashlunch,heelspider,1,0
heelspider,trashlunch,1,0
trashlunch,heelspider,1,0
heelspider,trashlunch,1,0
trashlunch,heelspider,1,0
hacksoncode,trashlunch,0,0
trashlunch,hacksoncode,1,0
hacksoncode,trashlunch,2,0
CalicoZack,trashlunch,0,0
trashlunch,CalicoZack,1,0
ReOsIr10,trashlunch,0,0
trashlunch,ReOsIr10,1,0
ReOsIr10,trashlunch,1,0
trashlunch,ReOsIr10,1,0
DeltaBot,trashlunch,1,0
jimbobjerry,trashlunch,0,0
trashlunch,jimbobjerry,1,0
looklistencreate,trashlunch,0,0
trashlunch,looklistencreate,1,0
looklistencreate,trashlunch,1,0
Omega037,trashlunch,0,0
YellowKingNoMask,trashlunch,0,0
carlosmp98,trashlunch,0,0
NorbitGorbit,trashlunch,0,0
BradleyBuyer,trashlunch,0,0
MontiBurns,TentacleBird,0,0
TentacleBird,MontiBurns,5,0
MontiBurns,TentacleBird,2,0
DeltaBot,TentacleBird,2,0
huadpe,TentacleBird,0,0
TentacleBird,huadpe,2,0
huadpe,TentacleBird,2,0
DeltaBot,TentacleBird,2,0
draculabakula,TentacleBird,0,0
TentacleBird,draculabakula,11,0
EagenVegham,TentacleBird,-1,0
TentacleBird,EagenVegham,12,0
DeltaBot,TentacleBird,3,0
draculabakula,TentacleBird,-1,0
MageZero,TentacleBird,0,0
ghotier,TentacleBird,0,0
phcullen,TentacleBird,0,0
BradleyBuyer,TentacleBird,0,0
choopie,PresidentPikachu,13,0
PresidentPikachu,choopie,4,0
DeltaBot,PresidentPikachu,5,0
Walripus,PresidentPikachu,13,0
PresidentPikachu,Walripus,7,0
DeltaBot,PresidentPikachu,5,0
stratys3,PresidentPikachu,13,0
PresidentPikachu,stratys3,26,0
stratys3,PresidentPikachu,-11,0
PresidentPikachu,stratys3,10,0
stratys3,PresidentPikachu,-2,0
PresidentPikachu,stratys3,10,0
stratys3,PresidentPikachu,0,0
raanne,PresidentPikachu,-11,0
theoriginalmcswagger,PresidentPikachu,-11,0
PresidentPikachu,theoriginalmcswagger,-2,0
forestfly1234,PresidentPikachu,13,0
PresidentPikachu,forestfly1234,13,0
forestfly1234,PresidentPikachu,-4,0
PresidentPikachu,forestfly1234,5,0
[deleted],PresidentPikachu,-4,0
Glory2Hypnotoad,PresidentPikachu,13,0
PresidentPikachu,Glory2Hypnotoad,5,0
InfinitelyThirsting,PresidentPikachu,0,0
kepold,PresidentPikachu,13,0
PresidentPikachu,kepold,5,0
kepold,PresidentPikachu,0,0
PresidentPikachu,kepold,5,0
kepold,PresidentPikachu,0,0
PresidentPikachu,kepold,4,0
stratys3,PresidentPikachu,1,0
Momentumle,PresidentPikachu,0,0
InfinitelyThirsting,PresidentPikachu,0,0
PandaDerZwote,PresidentPikachu,13,0
[deleted],PresidentPikachu,13,0
veggiesama,PresidentPikachu,13,0
[deleted],PresidentPikachu,13,0
MistressFey,PresidentPikachu,13,0
Whys0_o,PresidentPikachu,13,0
masterzoney,PresidentPikachu,13,0
dalezorz,PresidentPikachu,13,0
[deleted],PresidentPikachu,13,0
[deleted],VaginalExcrement,0,0
VaginalExcrement,[deleted],19,0
huadpe,VaginalExcrement,1,0
VaginalExcrement,huadpe,1,0
DeltaBot,VaginalExcrement,1,0
MCBeathoven,VaginalExcrement,0,0
GnosticGnome,VaginalExcrement,0,0
VaginalExcrement,GnosticGnome,33,0
GnosticGnome,VaginalExcrement,-17,0
Glory2Hypnotoad,VaginalExcrement,-17,0
helloshell,VaginalExcrement,0,0
VaginalExcrement,helloshell,27,0
Aclopolipse,VaginalExcrement,-10,0
iAscian,VaginalExcrement,0,0
VaginalExcrement,iAscian,4,0
sneaksauce,VaginalExcrement,-3,0
[deleted],VaginalExcrement,-3,0
caw81,VaginalExcrement,0,0
VaginalExcrement,caw81,4,0
forestfly1234,VaginalExcrement,0,0
VaginalExcrement,forestfly1234,3,0
forestfly1234,VaginalExcrement,-1,0
kepold,VaginalExcrement,0,0
VaginalExcrement,kepold,7,0
The_Real_Mongoose,VaginalExcrement,-1,0
ilovekingbarrett,VaginalExcrement,0,0
DHCKris,VaginalExcrement,0,0
VaginalExcrement,DHCKris,8,0
PM_ME_CUTE_PUPPYS,VaginalExcrement,-3,0
Znyper,VaginalExcrement,0,0
VaginalExcrement,Znyper,4,0
nannyhap,VaginalExcrement,-3,0
heelspider,VaginalExcrement,0,0
09112001,VaginalExcrement,0,0
[deleted],VaginalExcrement,0,0
huadpe,[deleted],5,0
themcos,VaginalExcrement,0,0
aschuch0429,VaginalExcrement,0,0
meowwwriah,VaginalExcrement,0,0
commandrix,VaginalExcrement,0,0
DrinkyDrank,VaginalExcrement,0,0
Buddha_Clause,VaginalExcrement,0,0
VaginalExcrement,Buddha_Clause,1,0
Buddha_Clause,VaginalExcrement,-2,0
ThatBelligerentSloth,VaginalExcrement,-2,0
kabukistar,VaginalExcrement,0,0
[deleted],VaginalExcrement,0,0
[deleted],VaginalExcrement,0,0
Grunt08,[deleted],1,0
[deleted],VaginalExcrement,0,0
n_5,Sadsharks,16,0
Sadsharks,n_5,2,0
n_5,Sadsharks,1,0
Sadsharks,n_5,2,0
n_5,Sadsharks,1,0
Sadsharks,n_5,1,0
n_5,Sadsharks,2,0
NorbitGorbit,Sadsharks,16,0
aguafiestas,AFCSentinel,623,0
AFCSentinel,aguafiestas,342,0
orlywrking,AFCSentinel,79,0
[deleted],AFCSentinel,79,0
DeltaBot,AFCSentinel,79,0
personman,AFCSentinel,79,0
[deleted],aguafiestas,342,0
J5892,aguafiestas,342,0
AgingAluminiumFoetus,J5892,9,0
DeltaBot,AgingAluminiumFoetus,1,0
stevegcook,AFCSentinel,623,0
AFCSentinel,stevegcook,36,0
DeltaBot,AFCSentinel,24,0
GhostPantsMcGee,stevegcook,36,0
bramley,GhostPantsMcGee,1,0
[deleted],bramley,8,0
cwenham,[deleted],0,0
cacheflow,AFCSentinel,623,0
AFCSentinel,cacheflow,36,0
cacheflow,AFCSentinel,52,0
AFCSentinel,cacheflow,-3,0
cacheflow,AFCSentinel,30,0
AFCSentinel,cacheflow,15,0
JingJango,AFCSentinel,12,0
gerald_bostock,AFCSentinel,12,0
toxicmod,AFCSentinel,623,0
AFCSentinel,toxicmod,3,0
BigHarryDeal,AFCSentinel,623,0
AFCSentinel,BigHarryDeal,5,0
redbrassdart,AFCSentinel,8,0
AFCSentinel,redbrassdart,1,0
BigHarryDeal,AFCSentinel,8,0
AFCSentinel,BigHarryDeal,-8,0
ParentheticalClaws,AFCSentinel,623,0
PersonUsingAComputer,ParentheticalClaws,25,0
ParentheticalClaws,PersonUsingAComputer,28,0
DeltaBot,ParentheticalClaws,1,0
mkusanagi,AFCSentinel,623,0
Loki-L,AFCSentinel,623,0
[deleted],AFCSentinel,623,0
[deleted],AFCSentinel,623,0
hennypen,AFCSentinel,623,0
raanne,AFCSentinel,623,0
terist,AFCSentinel,623,0
Wh00ligan,AFCSentinel,623,0
[deleted],AFCSentinel,623,0
amanitus,AFCSentinel,623,0
AFCSentinel,amanitus,0,0
amanitus,AFCSentinel,1,0
[deleted],AFCSentinel,623,0
[deleted],AFCSentinel,623,0
[deleted],AFCSentinel,623,0
wutz,AFCSentinel,623,0
xiipaoc,AFCSentinel,623,0
pensivegargoyle,AFCSentinel,623,0
JesusDeSaad,AFCSentinel,623,0
CunningAllusionment,AFCSentinel,623,0
MisanthropeX,AFCSentinel,623,0
awa64,rrroach,4,0
rrroach,awa64,2,0
DeltaBot,rrroach,2,0
hacksoncode,rrroach,4,0
rrroach,hacksoncode,0,0
hacksoncode,rrroach,1,0
forestfly1234,rrroach,4,0
rrroach,forestfly1234,0,0
forestfly1234,rrroach,1,0
rrroach,forestfly1234,1,0
forestfly1234,rrroach,1,0
Omega037,rrroach,4,0
rrroach,Omega037,0,0
Omega037,rrroach,1,0
forestfly1234,rrroach,1,0
Eriot,rrroach,4,0
man2010,rrroach,4,0
Biceptual,OddlySpecificReferen,5,0
OddlySpecificReferen,Biceptual,8,0
Biceptual,OddlySpecificReferen,2,0
jzpenny,OddlySpecificReferen,5,0
OddlySpecificReferen,jzpenny,7,0
anatcov,OddlySpecificReferen,5,0
OddlySpecificReferen,anatcov,2,0
[deleted],OddlySpecificReferen,6,0
OddlySpecificReferen,[deleted],6,0
NeverQuiteEnough,OddlySpecificReferen,1,0
OddlySpecificReferen,NeverQuiteEnough,2,0
NeverQuiteEnough,OddlySpecificReferen,0,0
OddlySpecificReferen,NeverQuiteEnough,2,0
NeverQuiteEnough,OddlySpecificReferen,0,0
OddlySpecificReferen,NeverQuiteEnough,2,0
Madplato,[deleted],6,0
[deleted],Madplato,8,0
OddlySpecificReferen,[deleted],10,0
Madplato,[deleted],10,0
OddlySpecificReferen,Madplato,2,0
Madplato,OddlySpecificReferen,2,0
[deleted],anatcov,2,0
huadpe,[deleted],1,0
BigHarryDeal,OddlySpecificReferen,5,0
OddlySpecificReferen,BigHarryDeal,1,0
PorkyPotPie,OddlySpecificReferen,1,0
[deleted],OddlySpecificReferen,5,0
hacksoncode,[deleted],1,0
[deleted],OddlySpecificReferen,5,0
hacksoncode,[deleted],-1,0
kepold,umop121,7,0
umop121,kepold,18,0
cdb03b,umop121,0,0
umop121,cdb03b,20,0
cdb03b,umop121,1,0
umop121,cdb03b,15,0
cdb03b,umop121,-2,0
umop121,cdb03b,12,0
cdb03b,umop121,-5,0
umop121,cdb03b,16,0
km89,umop121,1,0
Nepene,umop121,7,0
umop121,Nepene,2,0
Nepene,umop121,-3,0
umop121,Nepene,4,0
Nepene,umop121,-3,0
umop121,Nepene,4,0
Nepene,umop121,-2,0
umop121,Nepene,3,0
Nepene,umop121,-2,0
umop121,Nepene,2,0
Glory2Hypnotoad,umop121,-2,0
looklistencreate,umop121,7,0
umop121,looklistencreate,4,0
looklistencreate,umop121,-2,0
umop121,looklistencreate,3,0
looklistencreate,umop121,-3,0
umop121,looklistencreate,3,0
crc128,umop121,-4,0
quigonjen,umop121,-4,0
looklistencreate,umop121,-4,0
FilthyGodlessHippie,umop121,7,0
FrankinComesAlive,umop121,7,0
cacheflow,umop121,7,0
umop121,cacheflow,3,0
cacheflow,umop121,-4,0
umop121,cacheflow,8,0
cacheflow,umop121,-6,0
umop121,cacheflow,8,0
cacheflow,umop121,-4,0
umop121,cacheflow,5,0
cacheflow,umop121,-5,0
umop121,cacheflow,3,0
Stokkolm,umop121,-4,0
[deleted],umop121,7,0
GreyAjah,umop121,7,0
umop121,GreyAjah,2,0
Bodoblock,umop121,7,0
rushy68c,umop121,7,0
mr_indigo,umop121,7,0
RustyRook,umop121,7,0
ivorystar,umop121,7,0
umop121,ivorystar,0,0
ivorystar,umop121,-1,0
umop121,ivorystar,2,0
ivorystar,umop121,-2,0
umop121,ivorystar,2,0
ivorystar,umop121,-2,0
umop121,ivorystar,3,0
ivorystar,umop121,-1,0
umop121,ivorystar,2,0
toms_face,umop121,-2,0
umop121,toms_face,2,0
toms_face,umop121,-2,0
umop121,toms_face,2,0
masterzoney,umop121,7,0
forestfly1234,umop121,7,0
umop121,forestfly1234,-1,0
forestfly1234,umop121,-1,0
umop121,forestfly1234,0,0
forestfly1234,umop121,0,0
umop121,forestfly1234,0,0
forestfly1234,umop121,0,0
umop121,forestfly1234,0,0
forestfly1234,umop121,1,0
umop121,forestfly1234,1,0
[deleted],umop121,7,0
huadpe,[deleted],1,0
Very-Sandwich,umop121,7,0
kabukistar,umop121,7,0
umop121,kabukistar,0,0
kabukistar,umop121,-2,0
sweetmercy,umop121,7,0
beer_demon,umop121,7,0
kizzan,umop121,7,0
TheManInsideMe,SanyoKey,26,0
SanyoKey,TheManInsideMe,20,0
huadpe,SanyoKey,3,0
SanyoKey,huadpe,10,0
huadpe,SanyoKey,2,0
SanyoKey,huadpe,8,0
huadpe,SanyoKey,2,0
SanyoKey,huadpe,6,0
huadpe,SanyoKey,2,0
caw81,SanyoKey,2,0
bnicoletti82,SanyoKey,2,0
cdb03b,SanyoKey,2,0
Mason11987,SanyoKey,26,0
iambamba,SanyoKey,26,0
Bratmon,SanyoKey,26,0
PepperoniFire,IIIBlackhartIII,272,0
IIIBlackhartIII,PepperoniFire,13,0
hacksoncode,IIIBlackhartIII,9,0
[deleted],hacksoncode,3,0
[deleted],[deleted],5,0
[deleted],[deleted],3,0
garnteller,[deleted],1,0
garnteller,[deleted],5,0
convoces,IIIBlackhartIII,272,0
IIIBlackhartIII,convoces,96,0
convoces,IIIBlackhartIII,6,0
IIIBlackhartIII,convoces,6,0
DeltaBot,IIIBlackhartIII,2,0
Doppleganger07,IIIBlackhartIII,6,0
DeltaBot,IIIBlackhartIII,6,0
moonflower,IIIBlackhartIII,272,0
IIIBlackhartIII,moonflower,18,0
Virtuallyalive,IIIBlackhartIII,8,0
IIIBlackhartIII,Virtuallyalive,6,0
bubi09,IIIBlackhartIII,0,0
hexavibrongal,IIIBlackhartIII,8,0
Biceptual,IIIBlackhartIII,8,0
metalspikeyblackshit,IIIBlackhartIII,8,0
neutrinogambit,IIIBlackhartIII,8,0
trace349,IIIBlackhartIII,8,0
dulceximenabo,IIIBlackhartIII,272,0
IIIBlackhartIII,dulceximenabo,5,0
dulceximenabo,IIIBlackhartIII,4,0
IIIBlackhartIII,dulceximenabo,2,0
Helicase21,IIIBlackhartIII,0,0
IIIBlackhartIII,Helicase21,3,0
jfpbookworm,IIIBlackhartIII,0,0
MontiBurns,IIIBlackhartIII,272,0
IIIBlackhartIII,MontiBurns,3,0
Helicase21,IIIBlackhartIII,272,0
IIIBlackhartIII,Helicase21,5,0
bubi09,IIIBlackhartIII,1,0
IIIBlackhartIII,bubi09,4,0
bubi09,IIIBlackhartIII,3,0
Helicase21,IIIBlackhartIII,1,0
[deleted],IIIBlackhartIII,272,0
IIIBlackhartIII,[deleted],3,0
bubi09,IIIBlackhartIII,5,0
[deleted],IIIBlackhartIII,5,0
mehatch,IIIBlackhartIII,272,0
IIIBlackhartIII,mehatch,3,0
mehatch,IIIBlackhartIII,2,0
[deleted],IIIBlackhartIII,2,0
hooj,IIIBlackhartIII,272,0
IIIBlackhartIII,hooj,4,0
hacksoncode,IIIBlackhartIII,272,0
bubi09,IIIBlackhartIII,272,0
Akoustyk,IIIBlackhartIII,272,0
Durkbeef,IIIBlackhartIII,272,0
IIIBlackhartIII,Durkbeef,13,0
Nepene,Durkbeef,13,0
KettleLogic,IIIBlackhartIII,272,0
Potss,IIIBlackhartIII,272,0
kabukistar,IIIBlackhartIII,272,0
[deleted],IIIBlackhartIII,272,0
funwiththoughts,IIIBlackhartIII,272,0
metalspikeyblackshit,IIIBlackhartIII,272,0
IIIBlackhartIII,metalspikeyblackshit,1,0
PrivateChicken,IIIBlackhartIII,272,0
alecbenzer,IIIBlackhartIII,272,0
PepperoniFire,alecbenzer,8,0
stoopydumbut,IIIBlackhartIII,272,0
opineapple,IIIBlackhartIII,272,0
Prince_of_Savoy,IIIBlackhartIII,272,0
jfpbookworm,IIIBlackhartIII,272,0
Archr5,IIIBlackhartIII,272,0
CatastropheJohn,IIIBlackhartIII,272,0
ugots,IIIBlackhartIII,272,0
[deleted],IIIBlackhartIII,272,0
SynesthesiaBruh,IIIBlackhartIII,272,0
garnteller,bundycamp,61,0
bundycamp,garnteller,22,0
bnicoletti82,bundycamp,-6,0
garnteller,bundycamp,-6,0
shibbyhornet28,bundycamp,61,0
gregbrahe,bundycamp,61,0
natha105,bundycamp,61,0
Kitosaki,bundycamp,61,0
LesGrossmmann,bundycamp,61,0
bundycamp,LesGrossmmann,1,0
LesGrossmmann,bundycamp,-6,0
JefftheBaptist,bundycamp,61,0
Aclopolipse,bundycamp,61,0
Eriot,bundycamp,61,0
[deleted],bundycamp,61,0
sweetmercy,bundycamp,61,0
justsitnhere,bundycamp,61,0
cassander,bundycamp,61,0
[deleted],bundycamp,61,0
jumpup,bundycamp,61,0
EagenVegham,bundycamp,61,0
huadpe,ugots,29,0
ugots,huadpe,30,0
Nidorino,ugots,2,0
ugots,Nidorino,12,0
billbob45,ugots,-10,0
[deleted],ugots,2,0
LtFred,ugots,2,0
missbteh,ugots,2,0
hacksoncode,ugots,29,0
ugots,hacksoncode,10,0
hacksoncode,ugots,1,0
ugots,hacksoncode,7,0
hacksoncode,ugots,1,0
ugots,hacksoncode,1,0
hacksoncode,ugots,1,0
ugots,hacksoncode,4,0
hacksoncode,ugots,-4,0
nightshroud,ugots,1,0
[deleted],ugots,29,0
ugots,[deleted],3,0
[deleted],ugots,0,0
ugots,[deleted],3,0
[deleted],ugots,-1,0
ugots,[deleted],1,0
AgentElman,ugots,0,0
[deleted],ugots,0,0
ralph-j,ugots,29,0
cochon1010,ugots,29,0
Alice_in_Neverland,ugots,29,0
ProfessorHeartcraft,ugots,29,0
IIIBlackhartIII,ugots,29,0
stoopydumbut,ugots,29,0
Sadsharks,ugots,29,0
jfpbookworm,ugots,29,0
LtFred,ugots,29,0
jumpup,ugots,29,0
ilovekingbarrett,ugots,29,0
FaceTheTruthBiatch,ugots,29,0
phcullen,ugots,29,0
[deleted],LtFred,0,0
LtFred,[deleted],9,0
DeltaBot,LtFred,-3,0
cdb03b,LtFred,0,0
LtFred,cdb03b,14,0
phcullen,LtFred,0,0
[deleted],phcullen,2,0
hacksoncode,[deleted],1,0
DeltaBot,[deleted],1,0
totokekedile,LtFred,0,0
LtFred,totokekedile,1,0
yo2sense,LtFred,0,0
[deleted],LtFred,0,0
LtFred,[deleted],0,0
[deleted],LtFred,0,0
LtFred,[deleted],-3,0
[deleted],LtFred,-4,0
LtFred,[deleted],2,0
n_5,LtFred,-1,0
LtFred,n_5,0,0
[deleted],LtFred,2,0
Nepene,[deleted],1,0
[deleted],LtFred,-1,0
miribus,LtFred,0,0
AutoModerator,LtFred,0,0
RealityIsMyReligion,PiyRe2772,95,0
PiyRe2772,RealityIsMyReligion,14,0
GnosticGnome,PiyRe2772,3,0
[deleted],RealityIsMyReligion,14,0
z3r0shade,[deleted],3,0
NUMBERS2357,z3r0shade,8,0
sinxoveretothex,NUMBERS2357,4,0
DeltaBot,sinxoveretothex,1,0
growflet,PiyRe2772,95,0
PiyRe2772,growflet,10,0
louis_izzy,PiyRe2772,6,0
growflet,PiyRe2772,6,0
[deleted],PiyRe2772,6,0
huadpe,PiyRe2772,95,0
[deleted],huadpe,98,0
PiyRe2772,[deleted],29,0
stevegcook,PiyRe2772,8,0
teawreckshero,PiyRe2772,8,0
blastmycache,PiyRe2772,8,0
matrex07,PiyRe2772,95,0
ryancarp3,PiyRe2772,95,0
PiyRe2772,ryancarp3,7,0
spacemeatball,PiyRe2772,-1,0
ryancarp3,PiyRe2772,-1,0
huadpe,ryancarp3,7,0
ryancarp3,huadpe,4,0
huadpe,ryancarp3,-4,0
ryancarp3,huadpe,3,0
huadpe,ryancarp3,2,0
ryancarp3,huadpe,1,0
huadpe,ryancarp3,0,0
ryancarp3,huadpe,4,0
DeltaBot,ryancarp3,0,0
hacksoncode,PiyRe2772,95,0
TheAngryBrian,PiyRe2772,95,0
admiral_snugglebutt,PiyRe2772,95,0
MuaddibMcFly,PiyRe2772,95,0
cdb03b,PiyRe2772,95,0
rollingForInitiative,PiyRe2772,95,0
bananabooks,PeterGayrino,338,0
PeterGayrino,bananabooks,7,0
bananabooks,PeterGayrino,15,0
PeterGayrino,bananabooks,10,0
muddlet,PeterGayrino,4,0
bananabooks,PeterGayrino,4,0
umpteenth_,bananabooks,7,0
DeltaBot,umpteenth_,2,0
IAmAN00bie,PeterGayrino,338,0
PeterGayrino,IAmAN00bie,67,0
marlow41,PeterGayrino,22,0
5510,PeterGayrino,22,0
snkifador,PeterGayrino,22,0
DeltaBot,PeterGayrino,22,0
IAmAN00bie,PeterGayrino,22,0
wedontluvthemhoes,PeterGayrino,338,0
PeterGayrino,wedontluvthemhoes,-2,0
wedontluvthemhoes,PeterGayrino,9,0
YabuSama2k,PeterGayrino,338,0
caribou13,YabuSama2k,166,0
mhl67,caribou13,-12,0
YourLatinLover,mhl67,47,0
StrawRedditor,YourLatinLover,0,0
YourLatinLover,StrawRedditor,3,0
StrawRedditor,YourLatinLover,1,0
[deleted],StrawRedditor,1,0
Grunt08,[deleted],1,0
DeltaBot,caribou13,-12,0
redem,PeterGayrino,338,0
bananabooks,PeterGayrino,338,0
Cheeseboyardee,PeterGayrino,338,0
Johnny_Fuckface,PeterGayrino,338,0
NotACockroach,PeterGayrino,338,0
TonyzTone,PeterGayrino,338,0
[deleted],PeterGayrino,338,0
IAmAN00bie,[deleted],1,0
PokemonMasterX,PeterGayrino,338,0
pxmckay,PeterGayrino,338,0
IAmAN00bie,pxmckay,1,0
[deleted],PeterGayrino,338,0
cwenham,[deleted],1,0
[deleted],PeterGayrino,338,0
IAmAN00bie,[deleted],1,0
[deleted],PeterGayrino,338,0
IAmAN00bie,[deleted],1,0
[deleted],PeterGayrino,338,0
[deleted],PeterGayrino,338,0
Grunt08,[deleted],2,0
hyene,PeterGayrino,338,0
[deleted],PeterGayrino,338,0
down42roads,opticaliqlusion,38,0
opticaliqlusion,down42roads,38,0
down42roads,opticaliqlusion,6,0
[deleted],down42roads,9,0
RealityIsMyReligion,down42roads,38,0
opticaliqlusion,RealityIsMyReligion,34,0
TexasAntonym,opticaliqlusion,10,0
geminia999,opticaliqlusion,38,0
opticaliqlusion,geminia999,11,0
GnosticGnome,opticaliqlusion,2,0
opticaliqlusion,GnosticGnome,4,0
GnosticGnome,opticaliqlusion,1,0
[deleted],opticaliqlusion,38,0
opticaliqlusion,[deleted],12,0
gabrielmodesta,opticaliqlusion,1,0
huadpe,[deleted],12,0
[deleted],opticaliqlusion,38,0
opticaliqlusion,[deleted],16,0
[deleted],opticaliqlusion,-2,0
opticaliqlusion,[deleted],4,0
[deleted],opticaliqlusion,2,0
opticaliqlusion,[deleted],2,0
[deleted],opticaliqlusion,2,0
opticaliqlusion,[deleted],6,0
[deleted],opticaliqlusion,1,0
opticaliqlusion,[deleted],3,0
Kman17,opticaliqlusion,38,0
rrrxhhjh,opticaliqlusion,38,0
getfuckingreal,opticaliqlusion,38,0
blackflag415,opticaliqlusion,38,0
[deleted],opticaliqlusion,38,0
bubi09,[deleted],1,0
[deleted],bubi09,0,0
Nepene,[deleted],1,0
labman57,opticaliqlusion,38,0
DHCKris,podoph,12,0
podoph,DHCKris,6,0
DeltaBot,podoph,3,0
[deleted],podoph,12,0
podoph,[deleted],1,0
forestfly1234,podoph,12,0
podoph,forestfly1234,0,0
[deleted],podoph,2,0
podoph,[deleted],1,0
forestfly1234,podoph,2,0
podoph,forestfly1234,1,0
commandrix,podoph,12,0
Palidane7,podoph,12,0
PJonestown,cromerax,2,0
cromerax,PJonestown,5,0
PJonestown,cromerax,1,0
cromerax,PJonestown,2,0
cromerax,cromerax,2,0
McKoijion,cromerax,2,0
cromerax,McKoijion,1,0
DeltaBot,cromerax,2,0
[deleted],cromerax,2,0
cromerax,[deleted],1,0
[deleted],cromerax,1,0
cromerax,[deleted],2,0
draculabakula,cromerax,2,0
cromerax,draculabakula,1,0
cromerax,cromerax,1,0
DeltaBot,cromerax,1,0
DeSoulis,cromerax,2,0
caw81,huadpe,314,0
huadpe,caw81,174,0
caw81,huadpe,17,0
huadpe,caw81,15,0
jumpup,huadpe,-1,0
MyPenisIsaWMD,caw81,174,0
huadpe,MyPenisIsaWMD,4,0
RustyRook,huadpe,314,0
huadpe,RustyRook,24,0
RustyRook,huadpe,3,0
huadpe,RustyRook,4,0
RustyRook,huadpe,0,0
huadpe,RustyRook,3,0
RustyRook,huadpe,0,0
huadpe,RustyRook,3,0
RustyRook,huadpe,1,0
huadpe,RustyRook,2,0
DeltaBot,huadpe,0,0
GitaTcua,huadpe,314,0
huadpe,GitaTcua,5,0
DeltaBot,huadpe,2,0
GitaTcua,huadpe,2,0
suto,huadpe,314,0
huadpe,suto,7,0
Diabolico,huadpe,2,0
huadpe,Diabolico,3,0
DeltaBot,huadpe,2,0
Provokyo,huadpe,314,0
huadpe,Provokyo,1,0
Provokyo,huadpe,1,0
themcos,huadpe,314,0
huadpe,themcos,1,0
themcos,huadpe,1,0
huadpe,themcos,3,0
themcos,huadpe,1,0
forestfly1234,huadpe,314,0
huadpe,forestfly1234,1,0
forestfly1234,huadpe,1,0
huadpe,forestfly1234,1,0
forestfly1234,huadpe,1,0
commandrix,huadpe,314,0
huadpe,commandrix,1,0
Yesofcoursenaturally,huadpe,314,0
huadpe,Yesofcoursenaturally,1,0
Yesofcoursenaturally,huadpe,1,0
huadpe,Yesofcoursenaturally,1,0
Yesofcoursenaturally,huadpe,1,0
huadpe,Yesofcoursenaturally,1,0
Yesofcoursenaturally,huadpe,1,0
huadpe,Yesofcoursenaturally,1,0
Yesofcoursenaturally,huadpe,1,0
Czilko4777,huadpe,314,0
hippiechan,huadpe,314,0
valkyriav,huadpe,314,0
peachesgp,huadpe,314,0
nerdfighter123,huadpe,314,0
Allundra,HKL0902,87,0
HKL0902,Allundra,42,0
vl99,HKL0902,13,0
HKL0902,vl99,25,0
t_hab,HKL0902,7,0
HKL0902,t_hab,5,0
onemanandhishat,HKL0902,3,0
HKL0902,onemanandhishat,3,0
caw81,HKL0902,3,0
caw81,HKL0902,13,0
Random832,HKL0902,13,0
[deleted],HKL0902,87,0
HKL0902,[deleted],3,0
[deleted],HKL0902,1,0
IIIBlackhartIII,[deleted],3,0
[deleted],IIIBlackhartIII,1,0
IIIBlackhartIII,[deleted],3,0
HKL0902,IIIBlackhartIII,1,0
Goodthink84,HKL0902,87,0
HKL0902,Goodthink84,1,0
Goodthink84,HKL0902,2,0
HKL0902,Goodthink84,1,0
kabukistar,HKL0902,87,0
HKL0902,kabukistar,2,0
kabukistar,HKL0902,1,0
HKL0902,kabukistar,1,0
kabukistar,HKL0902,1,0
HKL0902,kabukistar,1,0
kabukistar,HKL0902,1,0
HKL0902,kabukistar,1,0
kabukistar,HKL0902,1,0
HKL0902,kabukistar,1,0
tehOriman,HKL0902,87,0
HKL0902,tehOriman,2,0
tehOriman,HKL0902,1,0
natha105,HKL0902,87,0
HKL0902,natha105,1,0
t_hab,HKL0902,87,0
HKL0902,t_hab,1,0
t_hab,HKL0902,1,0
flavius29663,HKL0902,87,0
HKL0902,flavius29663,1,0
Mozared,HKL0902,87,0
HKL0902,Mozared,1,0
Mozared,HKL0902,1,0
terist,HKL0902,87,0
HKL0902,terist,1,0
terist,HKL0902,1,0
[deleted],HKL0902,87,0
ghotier,HKL0902,87,0
HKL0902,ghotier,1,0
Random832,HKL0902,1,0
HKL0902,Random832,1,0
ghotier,HKL0902,1,0
HCPwny,HKL0902,87,0
HKL0902,HCPwny,1,0
divinesleeper,HKL0902,87,0
HKL0902,divinesleeper,1,0
divinesleeper,HKL0902,1,0
HKL0902,divinesleeper,2,0
mfter,HKL0902,87,0
HKL0902,mfter,1,0
mfter,HKL0902,1,0
HKL0902,mfter,1,0
mfter,HKL0902,1,0
HKL0902,mfter,1,0
mfter,HKL0902,1,0
HKL0902,mfter,1,0
Ratwar100,HKL0902,87,0
HKL0902,Ratwar100,1,0
brierrat,HKL0902,87,0
HKL0902,brierrat,0,0
[deleted],HKL0902,87,0
HKL0902,[deleted],0,0
[deleted],HKL0902,1,0
mfter,HKL0902,87,0
HKL0902,mfter,0,0
mfter,HKL0902,1,0
HKL0902,mfter,1,0
mfter,HKL0902,1,0
HKL0902,mfter,1,0
[deleted],HKL0902,87,0
HKL0902,[deleted],-3,0
[deleted],HKL0902,1,0
HKL0902,[deleted],0,0
[deleted],HKL0902,1,0
HKL0902,[deleted],0,0
[deleted],HKL0902,1,0
HKL0902,[deleted],0,0
[deleted],HKL0902,1,0
HKL0902,[deleted],1,0
posidonius_of_rhodes,HKL0902,87,0
BrawndoTTM,HKL0902,87,0
silverionmox,HKL0902,87,0
parentheticalobject,sarded,6,0
sarded,parentheticalobject,3,0
parentheticalobject,sarded,1,0
existentialdude,sarded,1,0
spankybottom,sarded,6,0
anonoman925,sarded,6,0
[deleted],sarded,6,0
RustyRook,lukin187250,88,0
lukin187250,RustyRook,16,0
RustyRook,lukin187250,5,0
lukin187250,RustyRook,4,0
RustyRook,lukin187250,3,0
lukin187250,RustyRook,2,0
thoselusciouslips,lukin187250,3,0
RustyRook,lukin187250,3,0
Aclopolipse,lukin187250,3,0
BolshevikMuppet,lukin187250,88,0
lukin187250,BolshevikMuppet,2,0
anonoman925,lukin187250,88,0
lukin187250,anonoman925,6,0
anonoman925,lukin187250,1,0
[deleted],lukin187250,88,0
lukin187250,[deleted],-2,0
[deleted],lukin187250,4,0
lukin187250,[deleted],0,0
Aozi,lukin187250,88,0
Beelzebubs-Barrister,lukin187250,88,0
[deleted],lukin187250,88,0
IIIBlackhartIII,[deleted],2,0
doug_seahawks,quantum_monster,9,0
quantum_monster,doug_seahawks,4,0
Circle_Breaker,quantum_monster,1,0
quantum_monster,Circle_Breaker,2,0
Circle_Breaker,quantum_monster,1,0
DeltaBot,quantum_monster,1,0
DeltaBot,quantum_monster,1,0
[deleted],quantum_monster,1,0
RustyRook,quantum_monster,9,0
quantum_monster,RustyRook,3,0
RustyRook,quantum_monster,2,0
quantum_monster,RustyRook,2,0
RustyRook,quantum_monster,2,0
quantum_monster,RustyRook,1,0
RustyRook,quantum_monster,2,0
DeltaBot,quantum_monster,2,0
IDefyAxioms,quantum_monster,9,0
GoldenGateKeeper,quantum_monster,9,0
Staross,quantum_monster,9,0
eye_patch_willy,Briighteyes16,3,0
Briighteyes16,eye_patch_willy,5,0
stevegcook,Briighteyes16,7,0
DeltaBot,Briighteyes16,7,0
Briighteyes16,eye_patch_willy,5,0
eye_patch_willy,Briighteyes16,3,0
grodon909,Briighteyes16,3,0
eye_patch_willy,Briighteyes16,3,0
RustyRook,Briighteyes16,3,0
Briighteyes16,RustyRook,6,0
RustyRook,Briighteyes16,2,0
Briighteyes16,RustyRook,4,0
RustyRook,Briighteyes16,1,0
Briighteyes16,RustyRook,3,0
DeltaBot,Briighteyes16,2,0
Briighteyes16,RustyRook,6,0
eshaysfordays,Briighteyes16,3,0
Briighteyes16,eshaysfordays,15,0
ListenUpFives,Briighteyes16,4,0
Briighteyes16,ListenUpFives,8,0
Heroic-Dose,Briighteyes16,4,0
Briighteyes16,Heroic-Dose,3,0
Heroic-Dose,Briighteyes16,0,0
Heroic-Dose,Briighteyes16,3,0
Briighteyes16,Heroic-Dose,6,0
ryancarp3,Briighteyes16,0,0
Briighteyes16,ryancarp3,7,0
aguafiestas,Briighteyes16,3,0
Briighteyes16,aguafiestas,4,0
aguafiestas,Briighteyes16,1,0
Briighteyes16,aguafiestas,3,0
ryancarp3,Briighteyes16,3,0
Amadacius,Briighteyes16,3,0
Briighteyes16,Amadacius,1,0
PM_ME_LIFE_LESSONS,Briighteyes16,3,0
Briighteyes16,PM_ME_LIFE_LESSONS,1,0
PM_ME_LIFE_LESSONS,Briighteyes16,1,0
[deleted],Briighteyes16,3,0
Briighteyes16,[deleted],1,0
Insamity,Briighteyes16,3,0
Briighteyes16,Insamity,4,0
Insamity,Briighteyes16,-2,0
Briighteyes16,Insamity,2,0
orpheus090,Briighteyes16,3,0
ryancarp3,Briighteyes16,3,0
PineappleSlices,Briighteyes16,3,0
[deleted],stewshi,4,0
stewshi,[deleted],7,0
DeltaBot,stewshi,3,0
[deleted],stewshi,4,0
stewshi,[deleted],5,0
DeltaBot,stewshi,1,0
RustyRook,stewshi,4,0
stewshi,RustyRook,1,0
RustyRook,stewshi,2,0
stewshi,RustyRook,2,0
DeltaBot,stewshi,2,0
fluffhoof,stewshi,4,0
Amadacius,stewshi,4,0
TwizzlesMcNasty,GoldenGateKeeper,2,0
[deleted],TwizzlesMcNasty,11,0
GoldenGateKeeper,[deleted],4,0
DeltaBot,[deleted],4,0
GoldenGateKeeper,TwizzlesMcNasty,11,0
DeltaBot,GoldenGateKeeper,1,0
drumber,GoldenGateKeeper,2,0
GoldenGateKeeper,drumber,2,0
drumber,GoldenGateKeeper,2,0
[deleted],GoldenGateKeeper,2,0
GoldenGateKeeper,[deleted],2,0
[deleted],GoldenGateKeeper,1,0
GoldenGateKeeper,[deleted],2,0
[deleted],GoldenGateKeeper,1,0
ulyssessword,GoldenGateKeeper,2,0
GoldenGateKeeper,ulyssessword,1,0
ulyssessword,GoldenGateKeeper,2,0
GoldenGateKeeper,ulyssessword,3,0
DeltaBot,GoldenGateKeeper,3,0
jt4,GoldenGateKeeper,2,0
GoldenGateKeeper,jt4,1,0
[deleted],GoldenGateKeeper,1,0
GoldenGateKeeper,[deleted],2,0
Could-Have-Been-King,GoldenGateKeeper,1,0
existentialdude,GoldenGateKeeper,2,0
RichEgypt,GoldenGateKeeper,2,0
caw81,doug_seahawks,11,0
doug_seahawks,caw81,11,0
cacheflow,doug_seahawks,-7,0
doug_seahawks,cacheflow,11,0
cacheflow,doug_seahawks,-5,0
doug_seahawks,cacheflow,9,0
man2010,doug_seahawks,0,0
cacheflow,doug_seahawks,0,0
MontiBurns,doug_seahawks,-5,0
caw81,doug_seahawks,-7,0
doug_seahawks,caw81,3,0
caw81,doug_seahawks,-1,0
hacksoncode,doug_seahawks,-7,0
MonstarGaming,doug_seahawks,-7,0
MontiBurns,doug_seahawks,11,0
doug_seahawks,MontiBurns,3,0
DeltaBot,doug_seahawks,0,0
[deleted],doug_seahawks,11,0
[deleted],doug_seahawks,11,0
ryancarp3,doug_seahawks,11,0
doug_seahawks,ryancarp3,1,0
ryancarp3,doug_seahawks,0,0
doug_seahawks,ryancarp3,2,0
ryancarp3,doug_seahawks,0,0
Amadacius,doug_seahawks,11,0
rabritt,doug_seahawks,11,0
paint14,doug_seahawks,11,0
pharmaceus,jakec2025,9,0
jakec2025,pharmaceus,3,0
RustyRook,jakec2025,9,0
jakec2025,RustyRook,5,0
RustyRook,jakec2025,-1,0
jakec2025,RustyRook,7,0
RustyRook,jakec2025,0,0
jakec2025,RustyRook,4,0
Aclopolipse,jakec2025,2,0
jakec2025,Aclopolipse,3,0
RustyRook,jakec2025,2,0
RustyRook,jakec2025,2,0
DeltaBot,jakec2025,2,0
mrgoodnighthairdo,jakec2025,-1,0
jakec2025,mrgoodnighthairdo,3,0
mrgoodnighthairdo,jakec2025,1,0
Aclopolipse,jakec2025,-1,0
SpoonLightning,jakec2025,9,0
jakec2025,SpoonLightning,0,0
DeltaBot,jakec2025,1,0
LedZeppelin1602,jakec2025,9,0
Genoscythe_,jakec2025,9,0
LtFred,jakec2025,9,0
thatoneguy54,retro_texual,561,0
retro_texual,thatoneguy54,309,0
thatoneguy54,retro_texual,83,0
retro_texual,thatoneguy54,33,0
thatoneguy54,retro_texual,27,0
retro_texual,thatoneguy54,14,0
thatoneguy54,retro_texual,17,0
Ildri4,retro_texual,83,0
retro_texual,Ildri4,33,0
[deleted],retro_texual,39,0
retro_texual,[deleted],31,0
made_this_today,retro_texual,23,0
[deleted],retro_texual,39,0
Krytos,retro_texual,83,0
retro_texual,Krytos,-6,0
namae_nanka,retro_texual,83,0
[deleted],retro_texual,561,0
retro_texual,[deleted],9,0
APCOMello,retro_texual,561,0
retro_texual,APCOMello,28,0
APCOMello,retro_texual,36,0
retro_texual,APCOMello,6,0
APCOMello,retro_texual,16,0
retro_texual,APCOMello,-2,0
TracyMorganFreeman,retro_texual,36,0
stanhhh,APCOMello,28,0
thatoneguy54,stanhhh,27,0
retro_texual,thatoneguy54,1,0
thatoneguy54,retro_texual,29,0
retro_texual,thatoneguy54,-4,0
PolishRobinHood,retro_texual,561,0
retro_texual,PolishRobinHood,37,0
PolishRobinHood,retro_texual,15,0
retro_texual,PolishRobinHood,17,0
PolishRobinHood,retro_texual,10,0
retro_texual,PolishRobinHood,8,0
[deleted],retro_texual,15,0
kissfan7,retro_texual,561,0
retro_texual,kissfan7,-8,0
kissfan7,retro_texual,20,0
retro_texual,kissfan7,-2,0
themcos,retro_texual,561,0
retro_texual,themcos,-1,0
themcos,retro_texual,10,0
retro_texual,themcos,3,0
delta_baryon,retro_texual,561,0
retro_texual,delta_baryon,2,0
delta_baryon,retro_texual,8,0
retro_texual,delta_baryon,1,0
delta_baryon,retro_texual,10,0
retro_texual,delta_baryon,0,0
delta_baryon,retro_texual,3,0
retro_texual,delta_baryon,1,0
delta_baryon,retro_texual,3,0
retro_texual,delta_baryon,2,0
toodle-loo,retro_texual,8,0
retro_texual,toodle-loo,1,0
eaoue,retro_texual,561,0
macsenscam,retro_texual,561,0
retro_texual,macsenscam,-1,0
DulcetFox,retro_texual,561,0
funchy,retro_texual,561,0
oreosinmybelly,retro_texual,561,0
zimtkuss,retro_texual,561,0
hippiechan,retro_texual,561,0
JeffIpsaLoquitor,retro_texual,561,0
Prometheus720,retro_texual,561,0
[deleted],retro_texual,561,0
IAmAN00bie,[deleted],2,0
wdn,noussea,396,0
noussea,wdn,41,0
DeltaBot,noussea,10,0
noussea,wdn,41,0
TabulateNewt8,noussea,8,0
Smooth_McDouglette,noussea,8,0
JetpackRemedy,noussea,396,0
noussea,JetpackRemedy,19,0
Smooth_McDouglette,noussea,6,0
noussea,Smooth_McDouglette,3,0
ezzyharry29,Smooth_McDouglette,3,0
Smooth_McDouglette,ezzyharry29,2,0
noussea,Smooth_McDouglette,3,0
Smooth_McDouglette,noussea,1,0
ezzyharry29,Smooth_McDouglette,3,0
noussea,ezzyharry29,2,0
ezzyharry29,noussea,1,0
DeltaBot,noussea,6,0
akhoe,noussea,396,0
noussea,akhoe,137,0
Hithard_McBeefsmash,noussea,9,0
noussea,Hithard_McBeefsmash,45,0
Hithard_McBeefsmash,noussea,9,0
noussea,Hithard_McBeefsmash,4,0
Smooth_McDouglette,noussea,9,0
[deleted],Smooth_McDouglette,19,0
Smooth_McDouglette,[deleted],-4,0
noussea,Smooth_McDouglette,1,0
Smooth_McDouglette,noussea,2,0
warpus,noussea,9,0
xiccit,noussea,9,0
funchy,noussea,396,0
noussea,funchy,17,0
astrawnomore,noussea,4,0
I_am_Andrew_Ryan,noussea,4,0
tmlrule,noussea,396,0
noussea,tmlrule,10,0
Fa6ade,noussea,2,0
BanditTheDolphin,noussea,396,0
noussea,BanditTheDolphin,3,0
laosurvey,noussea,396,0
noussea,laosurvey,2,0
soswinglifeaway,noussea,1,0
noussea,soswinglifeaway,1,0
DeltaBot,noussea,1,0
laosurvey,noussea,1,0
IamtheCarl,noussea,396,0
noussea,IamtheCarl,3,0
IamtheCarl,noussea,1,0
[deleted],noussea,396,0
noussea,[deleted],2,0
[deleted],noussea,1,0
noussea,[deleted],1,0
BaconAndWeed,noussea,396,0
notgod,noussea,396,0
[deleted],noussea,396,0
noussea,[deleted],1,0
tweetypi,noussea,396,0
noussea,tweetypi,2,0
tweetypi,noussea,1,0
divinesleeper,noussea,396,0
noussea,divinesleeper,2,0
DeltaBot,noussea,1,0
[deleted],noussea,396,0
[deleted],noussea,396,0
puzzleddaily,noussea,396,0
[deleted],noussea,396,0
noussea,[deleted],1,0
rmandraque,noussea,396,0
GFandango,noussea,396,0
noussea,GFandango,1,0
GFandango,noussea,1,0
noussea,GFandango,1,0
GFandango,noussea,1,0
noussea,GFandango,1,0
GFandango,noussea,1,0
citation_included,Dooey,91,0
Dooey,citation_included,15,0
citation_included,Dooey,3,0
Dooey,citation_included,4,0
DeltaBot,Dooey,3,0
subheight640,citation_included,15,0
DeltaBot,subheight640,2,0
Hq3473,Dooey,91,0
Dooey,Hq3473,25,0
disciple_of_iron,Dooey,3,0
Hq3473,Dooey,3,0
boysenberries,Hq3473,25,0
Hq3473,boysenberries,23,0
boysenberries,Hq3473,-2,0
Hq3473,boysenberries,20,0
vehementi,Hq3473,0,0
Dooey,vehementi,8,0
Hq3473,Dooey,3,0
stubing,Hq3473,25,0
Hq3473,stubing,10,0
Dooey,Hq3473,5,0
Hq3473,Dooey,2,0
[deleted],Dooey,91,0
Dooey,[deleted],4,0
[deleted],Dooey,1,0
Dooey,[deleted],1,0
[deleted],Dooey,1,0
RedKrypton,Dooey,1,0
Dooey,RedKrypton,1,0
mberre,Dooey,1,0
silverionmox,Dooey,1,0
Dooey,silverionmox,1,0
silverionmox,Dooey,1,0
[deleted],Dooey,91,0
Dooey,[deleted],2,0
[deleted],Dooey,1,0
Dooey,[deleted],1,0
[deleted],Dooey,1,0
Dooey,[deleted],2,0
PM_Urquhart,Dooey,91,0
Dooey,PM_Urquhart,5,0
PM_Urquhart,Dooey,1,0
Dooey,PM_Urquhart,0,0
pipocaQuemada,Dooey,1,0
[deleted],Dooey,91,0
Dooey,[deleted],2,0
[deleted],Dooey,1,0
chokfull,Dooey,91,0
Amablue,Dooey,91,0
dsws2,Dooey,91,0
BlackHumor,Dooey,91,0
barcode1555,Dooey,91,0
Dooey,barcode1555,1,0
hay_wire,Dooey,91,0
[deleted],Dooey,91,0
gugam99,Cogitaire,3,0
Cogitaire,gugam99,3,0
Namemedickles,Cogitaire,2,0
Cogitaire,Namemedickles,-1,0
Namemedickles,Cogitaire,3,0
Cogitaire,Namemedickles,3,0
Namemedickles,Cogitaire,2,0
Cogitaire,Namemedickles,1,0
[deleted],Cogitaire,3,0
Cogitaire,[deleted],1,0
[deleted],Cogitaire,2,0
Cogitaire,[deleted],1,0
[deleted],Cogitaire,3,0
Cogitaire,[deleted],1,0
MakeLemon,Cogitaire,3,0
Cogitaire,MakeLemon,1,0
Namemedickles,Cogitaire,2,0
Cogitaire,Namemedickles,2,0
Namemedickles,Cogitaire,3,0
Cogitaire,Namemedickles,2,0
DeltaBot,Cogitaire,1,0
swearrengen,Cogitaire,3,0
Cogitaire,swearrengen,1,0
DeltaBot,Cogitaire,2,0
[deleted],tobynomates,3,0
tobynomates,[deleted],20,0
throwaway131072,tobynomates,-5,0
tobynomates,throwaway131072,6,0
[deleted],tobynomates,-9,0
throwaway131072,tobynomates,-9,0
[deleted],tobynomates,-5,0
NSNick,tobynomates,-5,0
tobynomates,NSNick,0,0
NSNick,tobynomates,-5,0
[deleted],tobynomates,-5,0
TimeTravellerSmith,tobynomates,3,0
PepperoniFire,tobynomates,3,0
CaptainHacker,tobynomates,3,0
tobynomates,CaptainHacker,2,0
CaptainHacker,tobynomates,-1,0
Agastopia,tobynomates,-1,0
DarthDonut,tobynomates,-1,0
jayjay091,tobynomates,3,0
Jacariah,tobynomates,3,0
DavidSSD,tobynomates,3,0
MPixels,tobynomates,3,0
Millea,tobynomates,3,0
[deleted],tobynomates,3,0
unoriginal42,tobynomates,3,0
Feroc,tobynomates,3,0
svipdag_DM,tobynomates,3,0
[deleted],tobynomates,3,0
PepperoniFire,[deleted],1,0
jayjay091,bourneshot,1,0
bourneshot,jayjay091,3,0
jayjay091,bourneshot,1,0
[deleted],bourneshot,1,0
bourneshot,[deleted],2,0
[deleted],bourneshot,2,0
karnim,bourneshot,1,0
subheight640,bourneshot,1,0
OakTable,bourneshot,1,0
bourneshot,OakTable,1,0
svipdag_DM,bourneshot,1,0
stratys3,bourneshot,1,0
[deleted],bourneshot,1,0
bourneshot,[deleted],1,0
[deleted],bourneshot,1,0
OakTable,bourneshot,1,0
bourneshot,OakTable,1,0
OakTable,bourneshot,0,0
ThatBelligerentSloth,bourneshot,0,0
Namemedickles,bourneshot,1,0
bourneshot,Namemedickles,1,0
Namemedickles,bourneshot,1,0
bourneshot,Namemedickles,1,0
Namemedickles,bourneshot,1,0
bourneshot,Namemedickles,0,0
Namemedickles,bourneshot,0,0
bourneshot,Namemedickles,1,0
TheWildestSnorlax,Rando_Thoughtful,7,0
Rando_Thoughtful,TheWildestSnorlax,28,0
astrangefish,TheWildestSnorlax,28,0
DeltaBot,astrangefish,4,0
ADdV,TheWildestSnorlax,28,0
DeltaBot,ADdV,1,0
kapparoth,Rando_Thoughtful,7,0
Rando_Thoughtful,kapparoth,2,0
jumpup,Rando_Thoughtful,7,0
Rando_Thoughtful,jumpup,3,0
hellohellizreal,Rando_Thoughtful,7,0
z3r0shade,Rando_Thoughtful,7,0
doomshrooms,Rando_Thoughtful,7,0
dustfp,Rando_Thoughtful,7,0
jumpup,EternalAbsolution,5,0
EternalAbsolution,jumpup,24,0
jumpup,EternalAbsolution,0,0
EternalAbsolution,jumpup,2,0
jumpup,EternalAbsolution,1,0
GnosticGnome,EternalAbsolution,5,0
EternalAbsolution,GnosticGnome,6,0
scottevil110,EternalAbsolution,-4,0
GnosticGnome,EternalAbsolution,-4,0
jayman419,EternalAbsolution,5,0
eliminate1337,EternalAbsolution,5,0
K-zi,EternalAbsolution,5,0
Namemedickles,EternalAbsolution,5,0
EternalAbsolution,Namemedickles,1,0
Namemedickles,EternalAbsolution,1,0
Lsswimmer98,EternalAbsolution,1,0
sarcasmandsocialism,EternalAbsolution,5,0
rttlbx,EternalAbsolution,5,0
[deleted],EternalAbsolution,5,0
EternalAbsolution,[deleted],1,0
[deleted],EternalAbsolution,1,0
MisterJose,EternalAbsolution,5,0
mberre,EternalAbsolution,5,0
Lurial,EternalAbsolution,5,0
[deleted],EternalAbsolution,5,0
ohhiohhi1,throwaway95080404471,1,0
throwaway95080404471,ohhiohhi1,1,0
ohhiohhi1,throwaway95080404471,1,0
throwaway95080404471,ohhiohhi1,1,0
ohhiohhi1,throwaway95080404471,1,0
JohnMalkovitchLover,somuchdespair,3,0
somuchdespair,JohnMalkovitchLover,1,0
keekmonster,Valserker,1,0
Valserker,keekmonster,1,0
Hasherss,SWTAG1,3,0
SWTAG1,Hasherss,1,0
Hasherss,SWTAG1,1,0
SWTAG1,Hasherss,1,0
Hasherss,SWTAG1,1,0
SWTAG1,Hasherss,1,0
ohhiohhi1,SWTAG1,3,0
SWTAG1,ohhiohhi1,1,0
ohhiohhi1,SWTAG1,1,0
notswasson,SWTAG1,3,0
[deleted],marsalien4,3,0
marsalien4,[deleted],1,0
[deleted],sabishiikouen,18,0
Friendly_drunk,sabishiikouen,18,0
Ballem,sabishiikouen,18,0
obscuroaborae,Rocky_Gashouse,2,0
Rocky_Gashouse,obscuroaborae,2,0
obscuroaborae,Rocky_Gashouse,1,0
Rocky_Gashouse,obscuroaborae,1,0
ohhiohhi1,throwawaynumb3rz9993,1,0
throwawaynumb3rz9993,ohhiohhi1,1,0
ohhiohhi1,throwawaynumb3rz9993,1,0
throwawaynumb3rz9993,ohhiohhi1,1,0
ohhiohhi1,throwawaynumb3rz9993,1,0
throwaway8839274,throwawaynumb3rz9993,1,0
9dollarwines,throwawaytrucker12,1,0
[deleted],throwawaytrucker12,1,0
obscuroaborae,isthisthekrusty_krab,3,0
isthisthekrusty_krab,obscuroaborae,3,0
obscuroaborae,isthisthekrusty_krab,1,0
isthisthekrusty_krab,obscuroaborae,2,0
obscuroaborae,isthisthekrusty_krab,1,0
isthisthekrusty_krab,obscuroaborae,1,0
[deleted],isthisthekrusty_krab,1,0
isthisthekrusty_krab,[deleted],1,0
cats_or_get_out,isthisthekrusty_krab,3,0
Affablesea9917,Belgiumlynn12,4,0
eluned27,73745274,3,0
Flyonthewall15,73745274,3,0
am_hrx,3484538579123943587,6,0
[deleted],3484538579123943587,6,0
3484538579123943587,[deleted],1,0
[deleted],3484538579123943587,1,0
[deleted],[deleted],1,0
freshcherries,3484538579123943587,6,0
9dollarwines,3484538579123943587,6,0
EllietheWalrus,asdfingcomment,2,0
asdfingcomment,EllietheWalrus,2,0
EllietheWalrus,asdfingcomment,1,0
fogtint,throwaway112072,10,0
Eric_The_Red629,throwaway112072,10,0
SimplySabrina,throwaway112072,10,0
throwaway112072,throwaway112072,10,0
throwaway112072,throwaway112072,2,0
FromanSk,throwaway112072,10,0
piogoretti,throwaway112072,10,0
Sheesha1992,todieornottodie9,0,0
todieornottodie9,Sheesha1992,1,0
todieornottodie9,todieornottodie9,0,0
todieornottodie9,todieornottodie9,1,0
todieornottodie9,todieornottodie9,1,0
[deleted],todieornottodie9,1,0
todieornottodie9,[deleted],1,0
[deleted],todieornottodie9,1,0
todieornottodie9,[deleted],1,0
[deleted],todieornottodie9,1,0
todieornottodie9,[deleted],1,0
[deleted],todieornottodie9,1,0
todieornottodie9,[deleted],1,0
[deleted],todieornottodie9,0,0
_Oisin,I_want_hard_work,17,0
FarmerChip,I_want_hard_work,17,0
Mailtothisone,I_want_hard_work,17,0
EllietheWalrus,throwaway1238981,2,0
roosterrugburn,longislandtoolshed,2,0
longislandtoolshed,roosterrugburn,1,0
roosterrugburn,longislandtoolshed,1,0
longislandtoolshed,roosterrugburn,1,0
roosterrugburn,longislandtoolshed,1,0
robonick,longislandtoolshed,2,0
Conrad-W,cakesphere,2,0
[deleted],Yerru,2,0
Yerru,[deleted],1,0
[deleted],Yerru,2,0
Yerru,[deleted],1,0
The_Real_Platypus,augustus318,2,0
augustus318,The_Real_Platypus,2,0
The_Real_Platypus,augustus318,1,0
Rua0409,Lupin_AAGL,5,0
Lupin_AAGL,Rua0409,1,0
Rua0409,Lupin_AAGL,1,0
snobgoblin313,Lupin_AAGL,5,0
Lupin_AAGL,snobgoblin313,1,0
snobgoblin313,Lupin_AAGL,1,0
Iveseenwhatilike,Lupin_AAGL,5,0
DanielMcLaury,justanotherast,6,0
[deleted],justanotherast,6,0
justanotherast,[deleted],1,0
[deleted],justanotherast,6,0
justanotherast,[deleted],1,0
[deleted],justanotherast,6,0
justanotherast,[deleted],0,0
[deleted],justanotherast,1,0
snobgoblin313,iamtheonlynoname,10,0
[deleted],iamtheonlynoname,10,0
iamtheonlynoname,iamtheonlynoname,10,0
iamtheonlynoname,iamtheonlynoname,10,0
iamtheonlynoname,iamtheonlynoname,10,0
angeltruck,gerritesch,16,0
throwaway564841321,gerritesch,16,0
[deleted],gerritesch,16,0
gerritesch,[deleted],1,0
[deleted],gerritesch,1,0
EllietheWalrus,gerritesch,16,0
gerritesch,EllietheWalrus,1,0
EllietheWalrus,gerritesch,1,0
Bumle,gerritesch,16,0
ballast_nt,LivingInFearPTSDgirl,9,0
LivingInFearPTSDgirl,ballast_nt,2,0
Jake2197,LivingInFearPTSDgirl,9,0
LivingInFearPTSDgirl,Jake2197,1,0
throwaway564841321,LivingInFearPTSDgirl,9,0
LivingInFearPTSDgirl,throwaway564841321,1,0
throwaway564841321,LivingInFearPTSDgirl,1,0
cyathea,LivingInFearPTSDgirl,9,0
LivingInFearPTSDgirl,cyathea,1,0
cyathea,LivingInFearPTSDgirl,1,0
LivingInFearPTSDgirl,cyathea,1,0
cyathea,LivingInFearPTSDgirl,2,0
LivingInFearPTSDgirl,cyathea,1,0
ballast_nt,HoppingTheRocks,6,0
HoppingTheRocks,ballast_nt,2,0
ballast_nt,HoppingTheRocks,2,0
HoppingTheRocks,ballast_nt,2,0
ballast_nt,HoppingTheRocks,2,0
bold_move_cotn,HoppingTheRocks,6,0
HoppingTheRocks,bold_move_cotn,0,0
ButReallyBitch,HoppingTheRocks,6,0
HoppingTheRocks,ButReallyBitch,0,0
ButReallyBitch,HoppingTheRocks,1,0
RjoTTU-bio,Aschenputtel_1,4,0
Aschenputtel_1,RjoTTU-bio,1,0
Aschenputtel_1,RjoTTU-bio,1,0
Aschenputtel_1,Aschenputtel_1,4,0
RjoTTU-bio,Aschenputtel_1,1,0
Thatcanofcola,pathofraven,6,0
zler,throw_away9190,3,0
Niixi,Tturcotte14,3,0
Tturcotte14,Niixi,2,0
Niixi,Tturcotte14,2,0
Tturcotte14,Niixi,1,0
Niixi,Tturcotte14,3,0
moondollie,sasha_fedchenkov,2,0
sasha_fedchenkov,moondollie,1,0
moondollie,sasha_fedchenkov,1,0
sasha_fedchenkov,moondollie,1,0
moondollie,sasha_fedchenkov,1,0
sasha_fedchenkov,moondollie,1,0
moondollie,sasha_fedchenkov,1,0
airlancelot,blahblahhbla,2,0
Laconocal,blahblahhbla,2,0
UserNameConfusion,blahblahhbla,2,0
9voltWolfXX,blahblahhbla,2,0
[deleted],blahblahhbla,2,0
[deleted],ahiskali,3,0
ahiskali,[deleted],3,0
vicvipster,Cherib7,1,0
Cherib7,vicvipster,1,0
[deleted],lessonsindepression,2,0
dinnerroll779,[deleted],2,0
Aesteic,lessonsindepression,2,0
lessonsindepression,Aesteic,1,0
Aesteic,lessonsindepression,1,0
dinnerroll779,lessonsindepression,2,0
lessonsindepression,dinnerroll779,1,0
dinnerroll779,lessonsindepression,1,0
kitvdm,Tankjr1994,3,0
Tankjr1994,kitvdm,2,0
DjFaze3,lesbianscisorhands,1,0
biggish_who,goonerluther,2,0
DjFaze3,silverstreak24,1,0
nona_clare,silverstreak24,1,0
AngeloMonharti,silverstreak24,1,0
biggish_who,dklsfjslk,2,0
throwaway19203412,throwaway19203412,3,0
DjFaze3,throwaway19203412,3,0
[deleted],couragetolive,2,0
iammooseAMA,couragetolive,2,0
biggish_who,Laconocal,2,0
Laconocal,biggish_who,2,0
biggish_who,Laconocal,1,0
Laconocal,biggish_who,2,0
biggish_who,Laconocal,1,0
Mel713,Laconocal,2,0
Laconocal,Mel713,2,0
mtersen,Vaeshi,5,0
Fareryniel,PeaceYGB,2,0
Sheppeygirl,Ragingg_CLV,3,0
Ragingg_CLV,Sheppeygirl,1,0
Sheppeygirl,Ragingg_CLV,1,0
Ragingg_CLV,Sheppeygirl,1,0
[deleted],Ragingg_CLV,3,0
Ragingg_CLV,[deleted],1,0
