poster,respondingTo,ups,downs
Starfish_Symphony,jafeelz,31,0
cacophonousdrunkard,Starfish_Symphony,3,0
Pacelek,cacophonousdrunkard,2,0
squu,jafeelz,31,0
TheQuips,jafeelz,31,0
Theharshcoldtruth,jafeelz,31,0
Musique_NotEvenOnce,jafeelz,31,0
viborg,jafeelz,31,0
jafeelz,viborg,1,0
viborg,jafeelz,1,0
jafeelz,viborg,1,0
kazarnowicz,jafeelz,31,0
incredibleridiculous,acadamianuts,4,0
grginge,acadamianuts,4,0
acadamianuts,grginge,4,0
STUFF2o,acadamianuts,4,0
Swabia,acadamianuts,4,0
opolaski,empiricaltheorist,34,0
myusernameranoutofsp,opolaski,21,0
opolaski,myusernameranoutofsp,2,0
fawnystorm,myusernameranoutofsp,2,0
Jake_91_420,opolaski,21,0
hollowed_sense,opolaski,21,0
showcase25,empiricaltheorist,34,0
Domi-chan,empiricaltheorist,34,0
ForerEffect,empiricaltheorist,34,0
ut_pictura,empiricaltheorist,34,0
ethermage,empiricaltheorist,34,0
larcherwriter,empiricaltheorist,34,0
viborg,empiricaltheorist,34,0
AnalLaser,viborg,1,0
viborg,AnalLaser,1,0
Pacelek,viborg,1,0
AnalLaser,viborg,1,0
hollowed_sense,empiricaltheorist,34,0
[deleted],empiricaltheorist,34,0
omfalos,empiricaltheorist,34,0
myusernameranoutofsp,omfalos,1,0
lodro,empiricaltheorist,17,0
white_crust_delivery,empiricaltheorist,17,0
viborg,white_crust_delivery,7,0
[deleted],white_crust_delivery,7,0
white_crust_delivery,[deleted],1,0
whalemind,empiricaltheorist,17,0
Wrest216,empiricaltheorist,17,0
idaell,empiricaltheorist,17,0
veragood,empiricaltheorist,17,0
EyeOfSol,empiricaltheorist,17,0
viborg,empiricaltheorist,17,0
empiricaltheorist,viborg,1,0
HandyAndy,ZeusThunder369,43,0
unusedthought,HandyAndy,44,0
HandyAndy,unusedthought,8,0
unusedthought,HandyAndy,9,0
TouchingWood,unusedthought,5,0
Pacelek,TouchingWood,6,0
TouchingWood,Pacelek,1,0
Swabia,HandyAndy,44,0
no-mad,Swabia,3,0
InerasableStain,ZeusThunder369,43,0
ZeusThunder369,InerasableStain,26,0
InerasableStain,ZeusThunder369,3,0
schmuckmulligan,ZeusThunder369,3,0
tryllion,ZeusThunder369,3,0
leviathanxs,ZeusThunder369,43,0
skullkid2424,ZeusThunder369,43,0
z5v2,ZeusThunder369,43,0
uber_kerbonaut,ZeusThunder369,43,0
nounhud,ZeusThunder369,43,0
ouroboro76,ZeusThunder369,43,0
UnicornPenguinCat,ZeusThunder369,43,0
hankbaumbach,ZeusThunder369,43,0
txstoploss,ZeusThunder369,43,0
Uhillbilly,ZeusThunder369,43,0
MaxSupernova,ZeusThunder369,5,0
Reddit_Cop_,ZeusThunder369,5,0
aprilrsmith,ZeusThunder369,5,0
chbenengeli,ZeusThunder369,5,0
catonmyshoulder69,ZeusThunder369,5,0
klol246,ZeusThunder369,5,0
vitaminsandmineral,ZeusThunder369,5,0
Little_Mouse,fawnystorm,54,0
KevZero,Little_Mouse,40,0
fawnystorm,Little_Mouse,40,0
Little_Mouse,fawnystorm,6,0
fawnystorm,Little_Mouse,8,0
Little_Mouse,fawnystorm,3,0
fawnystorm,Little_Mouse,5,0
Answermancer,fawnystorm,3,0
cl3ft,fawnystorm,6,0
WhyNotJustTryInstead,Little_Mouse,40,0
KidCasey,fawnystorm,54,0
temporarycreature,fawnystorm,54,0
lodro,fawnystorm,54,0
Pacelek,fawnystorm,54,0
Uhillbilly,fawnystorm,54,0
danielvutran,fawnystorm,54,0
chbenengeli,danielvutran,-4,0
combakovich,penn-and-paper,6,0
echoesoflies,penn-and-paper,6,0
etjasinski,penn-and-paper,6,0
penn-and-paper,etjasinski,2,0
etjasinski,penn-and-paper,1,0
danielvutran,penn-and-paper,6,0
[deleted],penn-and-paper,6,0
TheCenterOfEnnui,penn-and-paper,6,0
TheDonk1987,penn-and-paper,6,0
Uhillbilly,penn-and-paper,6,0
wishfulthinker3,penn-and-paper,6,0
larcherwriter,penn-and-paper,6,0
reluctant_qualifier,GreenFrog76,81,0
SpareLiver,reluctant_qualifier,45,0
nyhead,SpareLiver,9,0
SpareLiver,nyhead,9,0
[deleted],nyhead,9,0
naturalinfidel,SpareLiver,9,0
KevZero,reluctant_qualifier,45,0
TheBB,KevZero,3,0
reluctant_qualifier,KevZero,3,0
hankbaumbach,reluctant_qualifier,45,0
Le_Tarzan,hankbaumbach,3,0
hankbaumbach,Le_Tarzan,2,0
namegone,hankbaumbach,3,0
chbenengeli,reluctant_qualifier,45,0
waremi,GreenFrog76,81,0
charonn0,GreenFrog76,81,0
GreenFrog76,charonn0,11,0
charonn0,GreenFrog76,4,0
Aidtor,charonn0,2,0
fulgoray,Aidtor,2,0
Ziggysan,GreenFrog76,81,0
myusernameranoutofsp,GreenFrog76,81,0
Amablue,GreenFrog76,81,0
psychedelegate,GreenFrog76,81,0
Tetragonos,psychedelegate,2,0
psychedelegate,Tetragonos,3,0
Tetragonos,psychedelegate,1,0
psychedelegate,Tetragonos,2,0
Tetragonos,psychedelegate,1,0
Aidtor,GreenFrog76,81,0
manpreetaf,GreenFrog76,81,0
GreenFrog76,GreenFrog76,81,0
mushinnoshin,GreenFrog76,1,0
leadcarbonate,mushinnoshin,3,0
Dicfredo,leadcarbonate,2,0
GreenFrog76,mushinnoshin,3,0
Alexander_Hamilt0n,GreenFrog76,1,0
nmitchell076,Alexander_Hamilt0n,2,0
ImBoredLetsDebate,GreenFrog76,1,0
cl3ft,GreenFrog76,1,0
Aidtor,cl3ft,1,0
cl3ft,Aidtor,2,0
nmitchell076,cl3ft,1,0
cl3ft,nmitchell076,3,0
G-42,laurakatclark,56,0
caughtinahustle,G-42,27,0
G-42,caughtinahustle,14,0
RedheadsAreNinjas,caughtinahustle,14,0
JordanLeDoux,G-42,27,0
chuckquizmo,JordanLeDoux,20,0
TMA-3,JordanLeDoux,20,0
stanley_twobrick,G-42,27,0
thibedeauxmarxy,stanley_twobrick,4,0
stanley_twobrick,thibedeauxmarxy,1,0
thibedeauxmarxy,stanley_twobrick,1,0
stanley_twobrick,thibedeauxmarxy,1,0
drunk_kronk,G-42,27,0
TMA-3,drunk_kronk,2,0
[deleted],TMA-3,1,0
fastest_sloth,G-42,27,0
colin_staples,G-42,27,0
luminarium,laurakatclark,56,0
mmazing,luminarium,22,0
werak,luminarium,22,0
ABabyAteMyDingo,luminarium,22,0
mathers101,ABabyAteMyDingo,4,0
ABabyAteMyDingo,mathers101,0,0
serjykalstryke2,ABabyAteMyDingo,1,0
AliceHouse,ABabyAteMyDingo,4,0
DoctorDirtnasty,AliceHouse,-1,0
ABabyAteMyDingo,AliceHouse,-1,0
[deleted],ABabyAteMyDingo,2,0
Anomander,[deleted],-3,0
AliceHouse,Anomander,2,0
Anomander,AliceHouse,0,0
AliceHouse,Anomander,2,0
Anomander,AliceHouse,1,0
[deleted],AliceHouse,0,0
Anomander,[deleted],1,0
ABabyAteMyDingo,Anomander,2,0
[deleted],luminarium,22,0
SpiritWolfie,laurakatclark,56,0
ecclectic,SpiritWolfie,11,0
fouronenine,SpiritWolfie,11,0
ABabyAteMyDingo,SpiritWolfie,11,0
SpiritWolfie,ABabyAteMyDingo,2,0
gerrettheferrett,SpiritWolfie,11,0
SpiritWolfie,gerrettheferrett,1,0
hanarada,gerrettheferrett,1,0
gerrettheferrett,hanarada,1,0
hanarada,gerrettheferrett,2,0
RedheadsAreNinjas,laurakatclark,56,0
breadfag,RedheadsAreNinjas,4,0
mrmnder,breadfag,1,0
zombie_dbaseIV,laurakatclark,56,0
ABabyAteMyDingo,zombie_dbaseIV,28,0
AliceHouse,ABabyAteMyDingo,10,0
ABabyAteMyDingo,AliceHouse,10,0
tekalon,ABabyAteMyDingo,10,0
ABabyAteMyDingo,tekalon,4,0
davidfitzgibbon,tekalon,4,0
tekalon,davidfitzgibbon,0,0
[deleted],ABabyAteMyDingo,10,0
ABabyAteMyDingo,[deleted],2,0
[deleted],ABabyAteMyDingo,1,0
ABabyAteMyDingo,[deleted],2,0
[deleted],ABabyAteMyDingo,1,0
[deleted],[deleted],0,0
Anomander,[deleted],1,0
ABabyAteMyDingo,Anomander,2,0
wazoheat,ABabyAteMyDingo,10,0
ABabyAteMyDingo,wazoheat,1,0
Ladd_Pearson,ABabyAteMyDingo,10,0
darkrxn,Ladd_Pearson,-3,0
showcase25,zombie_dbaseIV,28,0
darkrxn,showcase25,1,0
showcase25,darkrxn,1,0
jrafferty,laurakatclark,56,0
G-42,jrafferty,17,0
E-Squid,G-42,0,0
jrafferty,G-42,0,0
iamiamwhoami,laurakatclark,56,0
ecclectic,iamiamwhoami,9,0
bowerjack,ecclectic,2,0
iamiamwhoami,ecclectic,2,0
ferae_naturae,laurakatclark,56,0
freakwent,ferae_naturae,1,0
ferae_naturae,freakwent,2,0
C3lder,laurakatclark,56,0
rorank,laurakatclark,56,0
BaldieLox,rorank,0,0
bowerjack,BaldieLox,9,0
[deleted],bowerjack,2,0
fewdea,laurakatclark,56,0
ravia,laurakatclark,56,0
G-42,ravia,0,0
[deleted],laurakatclark,56,0
fewdea,[deleted],-7,0
blue_strat,Plain_Bread,24,0
chilehead,blue_strat,8,0
blue_strat,chilehead,3,0
d20diceman,blue_strat,8,0
blue_strat,d20diceman,2,0
d20diceman,blue_strat,2,0
blue_strat,d20diceman,1,0
RuafaolGaiscioch,Plain_Bread,24,0
Plain_Bread,RuafaolGaiscioch,3,0
RuafaolGaiscioch,Plain_Bread,5,0
Teive,RuafaolGaiscioch,3,0
Plain_Bread,RuafaolGaiscioch,3,0
viborg,Plain_Bread,0,0
combakovich,RuafaolGaiscioch,3,0
ottawadeveloper,combakovich,1,0
jawdirk,Plain_Bread,24,0
blue_strat,jawdirk,4,0
jawdirk,blue_strat,1,0
blue_strat,jawdirk,1,0
jawdirk,blue_strat,1,0
blue_strat,jawdirk,1,0
jawdirk,blue_strat,1,0
blue_strat,jawdirk,1,0
jawdirk,blue_strat,1,0
blue_strat,jawdirk,1,0
Plain_Bread,blue_strat,1,0
OneirosLeMorte,Plain_Bread,24,0
Plain_Bread,OneirosLeMorte,1,0
SparkOfGlory,Plain_Bread,24,0
d20diceman,SparkOfGlory,1,0
SparkOfGlory,d20diceman,1,0
weydrinkerwey,Plain_Bread,24,0
chilehead,Plain_Bread,24,0
Plain_Bread,chilehead,1,0
Jonluw,Plain_Bread,24,0
belazaras,Plain_Bread,24,0
Plain_Bread,belazaras,1,0
catonmyshoulder69,Plain_Bread,24,0
drogian,Plain_Bread,24,0
Plain_Bread,drogian,1,0
drogian,Plain_Bread,4,0
Plain_Bread,drogian,1,0
drogian,Plain_Bread,1,0
Plain_Bread,drogian,1,0
drogian,Plain_Bread,0,0
Plain_Bread,drogian,1,0
combakovich,drogian,1,0
I_see_ISON,combakovich,1,0
Plain_Bread,I_see_ISON,1,0
I_see_ISON,Plain_Bread,1,0
Plain_Bread,I_see_ISON,1,0
combakovich,I_see_ISON,1,0
I_see_ISON,combakovich,1,0
combakovich,I_see_ISON,1,0
viborg,TheMoki,30,0
moist_damp_panties,TheMoki,30,0
TMA-3,moist_damp_panties,7,0
moist_damp_panties,TMA-3,2,0
A_Chimenti_O_Face,TheMoki,30,0
TheMoki,A_Chimenti_O_Face,7,0
A_Chimenti_O_Face,TheMoki,2,0
hollowed_sense,TheMoki,30,0
TheMoki,hollowed_sense,5,0
hollowed_sense,TheMoki,3,0
LostParader,hollowed_sense,1,0
hollowed_sense,LostParader,1,0
LostParader,hollowed_sense,1,0
Molecular_Machine,TheMoki,30,0
Captainpanda55,TheMoki,30,0
Mookite,TheMoki,30,0
TheMoki,Mookite,1,0
Mookite,TheMoki,1,0
TheMoki,Mookite,1,0
YouDoNotKnowMeAtAll,TheMoki,30,0
LimbicLogic,TheMoki,30,0
TheMoki,LimbicLogic,1,0
LimbicLogic,TheMoki,1,0
monk3yboy305,TheMoki,30,0
thesportsfiend,TheMoki,30,0
Anomander,abid96,26,0
HoldMeReddit,Anomander,16,0
Anomander,HoldMeReddit,12,0
abid96,Anomander,16,0
Anomander,abid96,2,0
abid96,Anomander,2,0
HoldMeReddit,Anomander,16,0
Nimted,abid96,26,0
abid96,Nimted,3,0
Epistaxis,abid96,26,0
abid96,Epistaxis,3,0
JIMMY_JAMES007,abid96,26,0
MaxSupernova,JIMMY_JAMES007,2,0
abid96,JIMMY_JAMES007,2,0
aught-o-mat,Nimted,39,0
BreakfastTomcat,aught-o-mat,77,0
HelperBot_,aught-o-mat,77,0
nounhud,aught-o-mat,77,0
pizzahedron,nounhud,2,0
nounhud,pizzahedron,1,0
pizzahedron,nounhud,1,0
aught-o-mat,nounhud,2,0
pizzahedron,aught-o-mat,77,0
aught-o-mat,pizzahedron,2,0
PM_ME_UR_YAOI_,aught-o-mat,77,0
reecereddit,aught-o-mat,77,0
MrB0mbastic,Nimted,39,0
cl3ft,MrB0mbastic,37,0
MrB0mbastic,cl3ft,6,0
draknir,MrB0mbastic,-4,0
MrB0mbastic,draknir,4,0
15beast,MrB0mbastic,-5,0
HORZWERKER,15beast,2,0
reecereddit,HORZWERKER,1,0
HORZWERKER,reecereddit,1,0
reecereddit,HORZWERKER,1,0
cl3ft,MrB0mbastic,-4,0
bobbyfiend,MrB0mbastic,37,0
Nimted,MrB0mbastic,37,0
MrB0mbastic,Nimted,13,0
jerog1,MrB0mbastic,22,0
MrB0mbastic,jerog1,20,0
jerog1,MrB0mbastic,8,0
grahamfreeman,jerog1,20,0
Nimted,grahamfreeman,8,0
foo_foo_the_snoo,Nimted,5,0
infested_,grahamfreeman,8,0
MrB0mbastic,jerog1,20,0
jerog1,MrB0mbastic,5,0
Krogg,jerog1,11,0
jerog1,Krogg,10,0
Nimted,Krogg,10,0
BilboT3aBagginz,jerog1,11,0
[deleted],MrB0mbastic,5,0
Krogg,[deleted],6,0
[deleted],Krogg,4,0
Superdudeo,MrB0mbastic,5,0
Nimted,Superdudeo,3,0
foo_foo_the_snoo,Superdudeo,3,0
mmazing,MrB0mbastic,5,0
bobbyfiend,MrB0mbastic,8,0
holomanga,MrB0mbastic,8,0
muthafuckabra,MrB0mbastic,22,0
WhyNotJustTryInstead,MrB0mbastic,22,0
Diabolico,WhyNotJustTryInstead,3,0
Nimted,MrB0mbastic,22,0
little_z,Nimted,7,0
chime,Nimted,39,0
e9r0q2eropqweopo,chime,13,0
chime,e9r0q2eropqweopo,8,0
HansonWK,Nimted,39,0
Nimted,HansonWK,5,0
HansonWK,Nimted,1,0
Nimted,HansonWK,3,0
HansonWK,Nimted,0,0
Nimted,HansonWK,2,0
[deleted],HansonWK,5,0
HansonWK,[deleted],0,0
BilboT3aBagginz,Nimted,39,0
Nimted,BilboT3aBagginz,18,0
cvb333,Nimted,12,0
Nimted,cvb333,1,0
cvb333,Nimted,1,0
Nimted,cvb333,1,0
cvb333,Nimted,1,0
jawdirk,BilboT3aBagginz,18,0
morgazmo99,Nimted,39,0
xHelpless,Nimted,39,0
Rebuta,Nimted,39,0
Nimted,Rebuta,9,0
Rebuta,Nimted,4,0
HansonWK,Rebuta,2,0
scobey,Nimted,39,0
omniamorous,scobey,3,0
OutSourcingJesus,Nimted,39,0
Dystaxia,Nimted,39,0
Nimted,Dystaxia,5,0
little_z,Nimted,39,0
HonoraryMancunian,little_z,2,0
Nimted,little_z,2,0
AnythingApplied,Nimted,39,0
shouzu,Nimted,39,0
Nimted,shouzu,2,0
bobbyfiend,Nimted,39,0
Nimted,bobbyfiend,2,0
bobbyfiend,Nimted,1,0
Nimted,bobbyfiend,2,0
myusernameranoutofsp,Nimted,39,0
Nimted,myusernameranoutofsp,2,0
redditdobro,Nimted,39,0
Nimted,redditdobro,1,0
redditdobro,Nimted,2,0
Nimted,redditdobro,1,0
TitaniumDreads,Nimted,39,0
detailz03,Nimted,39,0
Nimted,detailz03,1,0
detailz03,Nimted,1,0
Nimted,detailz03,1,0
jesseaknight,Nimted,39,0
Nimted,jesseaknight,1,0
jesseaknight,Nimted,1,0
infested_,jesseaknight,1,0
jesseaknight,infested_,1,0
travistravis,Nimted,39,0
shouzu,Nimted,39,0
Nimted,shouzu,1,0
shouzu,Nimted,1,0
WilliamTake,Nimted,39,0
Nimted,WilliamTake,1,0
Grandclosing,Nimted,39,0
Mimikomo,Nimted,39,0
Nimted,Mimikomo,1,0
hogger85,Nimted,3,0
Nimted,hogger85,1,0
hogger85,Nimted,1,0
RTQL8D,Nimted,39,0
Nimted,RTQL8D,0,0
jerog1,Nimted,2,0
Nimted,jerog1,2,0
RTQL8D,Nimted,2,0
whywhisperwhy,RTQL8D,2,0
RTQL8D,whywhisperwhy,1,0
Nimted,RTQL8D,1,0
RTQL8D,Nimted,1,0
jawdirk,belazaras,21,0
Teyar,belazaras,21,0
pizzahedron,Teyar,11,0
Teyar,pizzahedron,3,0
belazaras,pizzahedron,3,0
pizzahedron,belazaras,1,0
belazaras,pizzahedron,1,0
Gnagobert,Teyar,11,0
Teyar,Gnagobert,1,0
belazaras,Teyar,2,0
Teyar,belazaras,1,0
34813,belazaras,21,0
pizzahedron,34813,5,0
belazaras,pizzahedron,3,0
Flaming_Baklava,belazaras,1,0
pizzahedron,belazaras,1,0
belazaras,pizzahedron,2,0
Gnagobert,belazaras,21,0
belazaras,Gnagobert,2,0
Gnagobert,belazaras,2,0
belazaras,Gnagobert,1,0
spaceorcas,belazaras,21,0
EatsAll-InSight,belazaras,21,0
belazaras,EatsAll-InSight,1,0
Ace318,AnomalousMind,2,0
samwhiskey,penn-and-paper,0,0
Zulban,penn-and-paper,0,0
civgarth,penn-and-paper,36,0
myusernameranoutofsp,civgarth,19,0
civgarth,myusernameranoutofsp,4,0
Aristox,penn-and-paper,36,0
exosequitur,penn-and-paper,36,0
Ghandithegman,penn-and-paper,36,0
jawdirk,penn-and-paper,36,0
Aristox,jawdirk,2,0
jawdirk,Aristox,1,0
myusernameranoutofsp,penn-and-paper,36,0
Angelsomething,penn-and-paper,36,0
Aristox,Angelsomething,2,0
gjarreau,penn-and-paper,36,0
MaxSupernova,penn-and-paper,36,0
craigiest,penn-and-paper,36,0
MacNulty,penn-and-paper,36,0
LimbicLogic,penn-and-paper,36,0
kairisika,pizzabaconator,5,0
Maoman1,kairisika,17,0
ecclectic,kairisika,17,0
kairisika,ecclectic,1,0
myusernameranoutofsp,pizzabaconator,5,0
GoodAndBluts,myusernameranoutofsp,4,0
[deleted],pizzabaconator,5,0
myusernameranoutofsp,[deleted],2,0
fogno,pizzabaconator,5,0
Just_a_smartass,pizzabaconator,5,0
FreeKarmaReport,pizzabaconator,5,0
BottlesFreddy,pizzabaconator,5,0
pizzabaconator,BottlesFreddy,1,0
BottlesFreddy,pizzabaconator,1,0
-eagle73,pizzabaconator,5,0
Vinylismist,pizzabaconator,5,0
chinagreenelvis,pizzabaconator,5,0
earthgarden,pizzabaconator,5,0
YungTembo,pizzabaconator,5,0
Pacelek,pizzabaconator,5,0
Arturs1670,pizzabaconator,5,0
VWftw,Maoman1,22,0
Maoman1,VWftw,9,0
VWftw,Maoman1,2,0
Maoman1,VWftw,1,0
canadian_anarchist,Maoman1,1,0
VWftw,Maoman1,1,0
Maoman1,VWftw,3,0
VWftw,Maoman1,3,0
fogno,Maoman1,22,0
philipzeplin,Maoman1,22,0
Pacelek,Maoman1,22,0
caityschmitt,Maoman1,22,0
popman525,Maoman1,22,0
Mookite,penn-and-paper,32,0
Ghandithegman,Mookite,7,0
greencomet90,Ghandithegman,6,0
Pacelek,penn-and-paper,32,0
mackduck,penn-and-paper,32,0
Reddit_Cop_,penn-and-paper,32,0
greencomet90,penn-and-paper,32,0
bobbyfiend,penn-and-paper,32,0
handshape,penn-and-paper,32,0
[deleted],penn-and-paper,32,0
LimbicLogic,penn-and-paper,32,0
PokemonMasterX,penn-and-paper,32,0
cabridges,tyzbit,17,0
CNoTe820,cabridges,9,0
cabridges,CNoTe820,5,0
hogger85,tyzbit,17,0
liebereddit,hogger85,3,0
GoldenFalcon,liebereddit,1,0
hogger85,liebereddit,1,0
GoldenFalcon,hogger85,1,0
philipzeplin,chbenengeli,19,0
viborg,chbenengeli,19,0
spinfip,viborg,12,0
viborg,spinfip,10,0
spinfip,viborg,4,0
viborg,spinfip,2,0
earthwormjim91,chbenengeli,19,0
myusernameranoutofsp,chbenengeli,19,0
swearrengen,chbenengeli,19,0
Superherojohn,chbenengeli,19,0
slappymcnutface,dieyoufool3,27,0
dieyoufool3,slappymcnutface,1,0
SenatorCoffee,redditmaster55,5,0
redditmaster55,SenatorCoffee,1,0
SenatorCoffee,redditmaster55,1,0
chinagreenelvis,redditmaster55,5,0
redditmaster55,chinagreenelvis,1,0
Nimted,redditmaster55,5,0
redditmaster55,Nimted,1,0
cabridges,fogno,14,0
FleetwoodMatt,cabridges,14,0
cabridges,FleetwoodMatt,2,0
AhhTimmah,cabridges,4,0
cabridges,AhhTimmah,4,0
poopfaceone,fogno,14,0
BaldieLox,fogno,14,0
allADD,fogno,14,0
scobey,allADD,1,0
hornwalker,fogno,14,0
DINOSAUR_ACTUAL,hornwalker,1,0
Dontwearthatsock,hornwalker,1,0
InanimateSensation,fogno,14,0
ragingprostate,fogno,14,0
accelaboy,fogno,14,0
LimbicLogic,fogno,14,0
LestrangeGirl,fogno,14,0
Dontwearthatsock,fogno,14,0
omfalos,fogno,14,0
xinlo,omfalos,1,0
omfalos,xinlo,3,0
PersonOfInternets,fogno,14,0
[deleted],borgosanjacopo,26,0
blue_strat,[deleted],7,0
[deleted],blue_strat,1,0
yeeah_suree,borgosanjacopo,26,0
jafeelz,borgosanjacopo,26,0
[deleted],borgosanjacopo,26,0
nukefudge,borgosanjacopo,26,0
LockeSteerpike,Milkshaketurtle79,35,0
potverdorie,LockeSteerpike,36,0
NordicMind,LockeSteerpike,36,0
LockeSteerpike,NordicMind,3,0
yuckygross,Milkshaketurtle79,35,0
saffir,Milkshaketurtle79,35,0
exosequitur,saffir,3,0
samwhiskey,saffir,3,0
elverloho,saffir,3,0
MacNulty,Milkshaketurtle79,35,0
Ipsider,MacNulty,2,0
MacNulty,Ipsider,3,0
Ipsider,MacNulty,3,0
MacNulty,Ipsider,4,0
Ipsider,MacNulty,3,0
MacNulty,Ipsider,0,0
holomanga,MacNulty,0,0
Ipsider,MacNulty,0,0
MacNulty,Ipsider,1,0
Ipsider,MacNulty,4,0
LostParader,OC_maybe,32,0
OC_maybe,LostParader,19,0
LostParader,OC_maybe,2,0
1SweetChuck,OC_maybe,32,0
OC_maybe,1SweetChuck,10,0
TickTak,OC_maybe,1,0
OC_maybe,TickTak,3,0
TickTak,OC_maybe,2,0
ZanThrax,OC_maybe,32,0
OC_maybe,ZanThrax,8,0
werak,OC_maybe,32,0
OC_maybe,werak,4,0
bkelly1984,OC_maybe,32,0
nephlm,OC_maybe,32,0
HoldMeReddit,Nemoxan,33,0
Rappaccini,HoldMeReddit,17,0
ballzach,Nemoxan,33,0
[deleted],Nemoxan,33,0
OutSourcingJesus,[deleted],2,0
fubo,OutSourcingJesus,3,0
Rappaccini,[deleted],2,0
[deleted],Rappaccini,2,0
Rappaccini,[deleted],1,0
plzsendhalp,lonelady75,40,0
lonelady75,plzsendhalp,15,0
huktonfonix,lonelady75,10,0
ThePhenix,huktonfonix,8,0
huktonfonix,ThePhenix,1,0
plzsendhalp,lonelady75,10,0
lonelady75,plzsendhalp,8,0
plzsendhalp,lonelady75,3,0
lonelady75,plzsendhalp,5,0
cyn1cal_assh0le,lonelady75,2,0
lonelady75,cyn1cal_assh0le,2,0
cyn1cal_assh0le,lonelady75,2,0
lonelady75,cyn1cal_assh0le,1,0
holyfields-ear,plzsendhalp,5,0
plzsendhalp,holyfields-ear,1,0
utilly,lonelady75,3,0
NegativeGPA,plzsendhalp,8,0
plzsendhalp,NegativeGPA,1,0
NegativeGPA,plzsendhalp,1,0
cyn1cal_assh0le,plzsendhalp,15,0
Hynjia,lonelady75,40,0
lonelady75,Hynjia,9,0
OccupyGravelpit,lonelady75,3,0
lonelady75,OccupyGravelpit,1,0
OccupyGravelpit,lonelady75,1,0
Hynjia,lonelady75,3,0
lonelady75,Hynjia,1,0
Flaming_Baklava,lonelady75,3,0
Evsie,lonelady75,40,0
lonelady75,Evsie,2,0
Evsie,lonelady75,1,0
lonelady75,Evsie,3,0
Evsie,lonelady75,1,0
lonelady75,Evsie,2,0
Evsie,lonelady75,1,0
lonelady75,Evsie,1,0
Evsie,lonelady75,1,0
lonelady75,Evsie,1,0
Autobrot,lonelady75,40,0
8732664792,lonelady75,40,0
lonelady75,8732664792,6,0
LockeSteerpike,lonelady75,3,0
NegativeGPA,8732664792,6,0
lonelady75,NegativeGPA,1,0
nukefudge,lonelady75,40,0
lonelady75,nukefudge,1,0
nukefudge,lonelady75,1,0
lonelady75,nukefudge,1,0
nukefudge,lonelady75,1,0
lonelady75,nukefudge,1,0
nukefudge,lonelady75,1,0
lonelady75,nukefudge,1,0
cyn1cal_assh0le,lonelady75,1,0
nukefudge,cyn1cal_assh0le,1,0
nukefudge,lonelady75,1,0
lonelady75,nukefudge,1,0
cyn1cal_assh0le,nukefudge,1,0
nukefudge,cyn1cal_assh0le,1,0
cyn1cal_assh0le,lonelady75,40,0
Sparkiano,lonelady75,40,0
lonelady75,Sparkiano,1,0
Perplexed_Comment,lonelady75,40,0
lonelady75,Perplexed_Comment,1,0
Perplexed_Comment,lonelady75,1,0
lonelady75,Perplexed_Comment,1,0
[deleted],lonelady75,40,0
lonelady75,[deleted],1,0
[deleted],lonelady75,4,0
lonelady75,[deleted],2,0
[deleted],lonelady75,1,0
lonelady75,[deleted],2,0
[deleted],lonelady75,1,0
lonelady75,[deleted],2,0
lachalupacabrita,[deleted],1,0
lonelady75,lachalupacabrita,3,0
ravia,lonelady75,40,0
viborg,blue_strat,74,0
luminarium,blue_strat,74,0
billdietrich1,luminarium,27,0
Vinylismist,blue_strat,74,0
jackatman,blue_strat,74,0
sexbeast420,blue_strat,74,0
hopefullynotdumb,blue_strat,74,0
pustak,blue_strat,74,0
M_JPB,blue_strat,74,0
What_Is_X,blue_strat,74,0
billdietrich1,What_Is_X,2,0
What_Is_X,billdietrich1,1,0
billdietrich1,What_Is_X,1,0
What_Is_X,billdietrich1,2,0
billdietrich1,What_Is_X,1,0
What_Is_X,billdietrich1,1,0
billdietrich1,What_Is_X,1,0
Xelif,What_Is_X,1,0
What_Is_X,Xelif,1,0
billdietrich1,blue_strat,74,0
aboutpeak55196,blue_strat,74,0
TallahasseWaffleHous,blue_strat,74,0
inquiring__mind,blue_strat,74,0
ShiverinMaTimbers,blue_strat,74,0
merlinman75,blue_strat,74,0
blue_strat,blue_strat,74,0
Kirkayak,blue_strat,74,0
ChiefLoneWolf,blue_strat,74,0
holomanga,blue_strat,74,0
Grandclosing,blue_strat,74,0
Palentir,blue_strat,74,0
[deleted],blue_strat,74,0
the_unfinished_I,[deleted],0,0
billdietrich1,[deleted],0,0
[deleted],[deleted],0,0
MahJongK,[deleted],3,0
myusernameranoutofsp,blue_strat,74,0
chinagreenelvis,blue_strat,74,0
nicolaosq,blue_strat,74,0
[deleted],nicolaosq,0,0
Blazing_Speeed,blue_strat,74,0
Toptomcat,Blazing_Speeed,-2,0
earthwormjim91,Renegade_Meister,5,0
UndergroundLurker,earthwormjim91,12,0
exosequitur,UndergroundLurker,9,0
ridl,exosequitur,3,0
Renegade_Meister,earthwormjim91,12,0
earthwormjim91,Renegade_Meister,1,0
spinfip,earthwormjim91,7,0
staabc,Renegade_Meister,5,0
Renegade_Meister,staabc,12,0
radarplane,Renegade_Meister,2,0
WickWackLilJack,Renegade_Meister,5,0
eamonious,RayAP19,45,0
Actevious,eamonious,55,0
nonchalantpony,eamonious,55,0
Grandclosing,eamonious,55,0
Breepop,RayAP19,45,0
RayAP19,Breepop,14,0
ModernSociety,RayAP19,4,0
RayAP19,ModernSociety,2,0
Breepop,RayAP19,4,0
[deleted],RayAP19,45,0
RayAP19,[deleted],7,0
[deleted],RayAP19,5,0
RayAP19,[deleted],1,0
SnowTurdPie,RayAP19,1,0
[deleted],RayAP19,5,0
rumliegen,RayAP19,45,0
[deleted],RayAP19,45,0
kazarnowicz,[deleted],3,0
RayAP19,kazarnowicz,6,0
RayAP19,[deleted],3,0
[deleted],RayAP19,2,0
RayAP19,[deleted],2,0
myusernameranoutofsp,RayAP19,45,0
GoodAndBluts,RayAP19,45,0
eiliant,RayAP19,45,0
WhyNotJustTryInstead,RayAP19,45,0
UyhAEqbnp,RayAP19,45,0
LimbicLogic,RayAP19,45,0
nonchalantpony,RayAP19,45,0
Embe007,RayAP19,45,0
thewaffles,RayAP19,45,0
kazarnowicz,thewaffles,0,0
thewaffles,kazarnowicz,3,0
RayAP19,thewaffles,0,0
thewaffles,RayAP19,2,0
RayAP19,thewaffles,3,0
demolpolis,RayAP19,2,0
Ghandithegman,demolpolis,-1,0
handshape,Ghandithegman,2,0
omfalos,RayAP19,45,0
Arturs1670,mkp7747,28,0
chuckquizmo,mkp7747,28,0
-PM_ME_UR_SECRETS-,chuckquizmo,10,0
kaptainprice,mkp7747,28,0
[deleted],kaptainprice,3,0
nukefudge,[deleted],2,0
zenarcade3,[deleted],2,0
[deleted],zenarcade3,1,0
nukefudge,kaptainprice,3,0
chuckquizmo,kaptainprice,3,0
zenarcade3,chuckquizmo,1,0
[deleted],chuckquizmo,1,0
ASunCame,[deleted],-1,0
[deleted],ASunCame,6,0
[deleted],[deleted],0,0
SUPHAMSULU,[deleted],1,0
chuckquizmo,[deleted],-1,0
aa24577,mkp7747,28,0
benjavides,aa24577,2,0
aa24577,benjavides,3,0
benjavides,aa24577,1,0
nukefudge,mkp7747,28,0
-PM_ME_UR_SECRETS-,mkp7747,28,0
Btshftr,mkp7747,28,0
MarleneAbbott,mkp7747,28,0
ibuprofane,RayAP19,16,0
chinagreenelvis,n10w4,23,0
n10w4,chinagreenelvis,10,0
M_JPB,n10w4,1,0
gsp11137,n10w4,23,0
bigDean636,gsp11137,8,0
Anomander,gsp11137,8,0
gsp11137,Anomander,7,0
Anomander,gsp11137,1,0
n10w4,gsp11137,8,0
LimbicLogic,n10w4,23,0
n10w4,LimbicLogic,2,0
LimbicLogic,n10w4,1,0
Grandclosing,n10w4,23,0
n10w4,Grandclosing,2,0
Swazzoo,n10w4,23,0
n10w4,Swazzoo,1,0
doverthere,SayHiToB0b,2,0
viborg,doverthere,2,0
doverthere,viborg,1,0
Grandclosing,doverthere,1,0
doverthere,Grandclosing,1,0
Grandclosing,SayHiToB0b,2,0
zscan,SayHiToB0b,2,0
STUFF2o,SayHiToB0b,2,0
YOUARE_GREAT,LordofCindar420,7,0
exosequitur,YOUARE_GREAT,4,0
Bevelled,LordofCindar420,7,0
Tetragramatron,Bevelled,3,0
nerdquadrat,Tetragramatron,1,0
bojslo,LordofCindar420,7,0
LordofCindar420,bojslo,2,0
What_Is_X,LordofCindar420,7,0
myusernameranoutofsp,LordofCindar420,7,0
LordofCindar420,myusernameranoutofsp,2,0
Ghandithegman,LordofCindar420,2,0
Grandclosing,LordofCindar420,7,0
LordofCindar420,Grandclosing,2,0
freakwent,LordofCindar420,7,0
zscan,LordofCindar420,7,0
LordofCindar420,zscan,1,0
Ghandithegman,cleverusername86,7,0
chinagreenelvis,cleverusername86,7,0
UncleShags,cleverusername86,7,0
myusernameranoutofsp,UncleShags,3,0
UncleShags,myusernameranoutofsp,1,0
ReefaManiack42o,cleverusername86,7,0
Yourparkingmeeters,ReefaManiack42o,3,0
danielvutran,cleverusername86,7,0
[deleted],cleverusername86,7,0
english_major,blue_strat,57,0
slappymcnutface,english_major,35,0
[deleted],blue_strat,57,0
LotsOfMaps,[deleted],83,0
nomoneypenny,LotsOfMaps,36,0
justsaying0999,[deleted],83,0
chinagreenelvis,blue_strat,57,0
Ensurdagen,blue_strat,57,0
GoodAndBluts,blue_strat,57,0
[deleted],GoodAndBluts,10,0
GoodAndBluts,[deleted],12,0
jafeelz,blue_strat,57,0
english_major,blue_strat,57,0
slappymcnutface,english_major,14,0
english_major,slappymcnutface,29,0
eraserhill,blue_strat,57,0
supah_,blue_strat,57,0
milkvamp,blue_strat,57,0
gmano,milkvamp,4,0
intuition25,milkvamp,4,0
adamdangerfield,blue_strat,57,0
[deleted],blue_strat,57,0
savealltheelephants,[deleted],3,0
dont-blame-me,[deleted],3,0
Maoman1,dont-blame-me,7,0
dont-blame-me,Maoman1,5,0
Maoman1,dont-blame-me,2,0
dont-blame-me,Maoman1,3,0
HelperBot_,dont-blame-me,7,0
[deleted],HelperBot_,1,0
dont-blame-me,[deleted],-1,0
WhyNotJustTryInstead,blue_strat,57,0
Necrosis18,blue_strat,57,0
WhyYouLetRomneyWin,blue_strat,57,0
pattyalbro,blue_strat,57,0
TheQuips,blue_strat,57,0
mHo2,TheQuips,0,0
TheQuips,mHo2,1,0
theparadigm,blue_strat,57,0
supah_,theparadigm,0,0
G-42,blue_strat,57,0
[deleted],G-42,-10,0
Uncle_Erik,[deleted],15,0
[deleted],Uncle_Erik,-8,0
stmbtrev,[deleted],10,0
HonoraryMancunian,Uncle_Erik,-8,0
hagenbuch,JeremyJacobson,14,0
sporkafunk,JeremyJacobson,14,0
joonix,JeremyJacobson,14,0
Animal40160,JeremyJacobson,14,0
DocWattz,JeremyJacobson,14,0
katzenlurker,JeremyJacobson,14,0
jawdirk,JeremyJacobson,14,0
duckies_wild,DanPearce,44,0
AcidicBlink,duckies_wild,15,0
Emergency_Ward,DanPearce,44,0
GetOffMyBus,Emergency_Ward,20,0
daytickle,GetOffMyBus,3,0
GetOffMyBus,daytickle,1,0
Theharshcoldtruth,DanPearce,44,0
GetOffMyBus,Theharshcoldtruth,9,0
Ghandithegman,Theharshcoldtruth,9,0
CupMcCakers,Theharshcoldtruth,9,0
Theharshcoldtruth,CupMcCakers,-1,0
Jack_Truman,DanPearce,44,0
CraigOnReddit92,Jack_Truman,1,0
CredittoReddit1,Jack_Truman,1,0
_poh,DanPearce,44,0
GetOffMyBus,_poh,1,0
_poh,GetOffMyBus,1,0
Virtual-Karma,Twiisstt,23,0
bluen,Twiisstt,23,0
potverdorie,Twiisstt,23,0
MaxSupernova,Twiisstt,23,0
Tuathiar,Twiisstt,23,0
hankbaumbach,Tuathiar,43,0
Tuathiar,hankbaumbach,10,0
UndergroundLurker,Tuathiar,43,0
Miz_pizzyizz,Tuathiar,43,0
Tuathiar,Miz_pizzyizz,5,0
holomanga,Tuathiar,43,0
chuckquizmo,ZeusThunder369,41,0
ZeusThunder369,chuckquizmo,43,0
chuckquizmo,ZeusThunder369,7,0
Daynjazone,chuckquizmo,43,0
chuckquizmo,Daynjazone,3,0
chinagreenelvis,chuckquizmo,20,0
chuckquizmo,chinagreenelvis,6,0
chinagreenelvis,chuckquizmo,6,0
chuckquizmo,chinagreenelvis,3,0
cosmic_censor,chuckquizmo,4,0
chuckquizmo,cosmic_censor,3,0
JustMeRC,chuckquizmo,5,0
chinagreenelvis,chuckquizmo,4,0
SymbioticAnimal,chuckquizmo,4,0
Daynjazone,chuckquizmo,20,0
chuckquizmo,Daynjazone,1,0
[deleted],chuckquizmo,43,0
AntipodalBurrito,[deleted],-3,0
[deleted],AntipodalBurrito,2,0
AntipodalBurrito,[deleted],1,0
viborg,AntipodalBurrito,2,0
chuckquizmo,[deleted],-3,0
alwaysnoided,ZeusThunder369,41,0
What_Is_X,alwaysnoided,12,0
alwaysnoided,What_Is_X,1,0
What_Is_X,alwaysnoided,4,0
JustMeRC,What_Is_X,5,0
What_Is_X,JustMeRC,1,0
JustMeRC,What_Is_X,2,0
What_Is_X,JustMeRC,3,0
JustMeRC,What_Is_X,2,0
What_Is_X,JustMeRC,3,0
JustMeRC,What_Is_X,2,0
[deleted],ZeusThunder369,41,0
alwaysnoided,[deleted],5,0
straightline3,ZeusThunder369,41,0
constroyr,DylanVincent,62,0
Drexciyan_Spliff,constroyr,38,0
GreyShuck,DylanVincent,62,0
elverloho,DylanVincent,62,0
jawdirk,DylanVincent,62,0
supermatthew,DylanVincent,62,0
bobbyfiend,supermatthew,2,0
supermatthew,bobbyfiend,1,0
bobbyfiend,supermatthew,1,0
gam23788,DylanVincent,62,0
whyamisosoftinthemid,DylanVincent,62,0
SnideJaden,DylanVincent,62,0
danielvutran,DylanVincent,62,0
nobleman76,DylanVincent,62,0
oldshending,DylanVincent,62,0
CultureVulture629,DylanVincent,62,0
Tomas92,DylanVincent,62,0
CalmBeneathCastles,DylanVincent,62,0
Autobrot,DylanVincent,62,0
bobbyfiend,DylanVincent,62,0
someredditorguy,DylanVincent,62,0
TruckerJay,someredditorguy,0,0
UncleShags,empiricaltheorist,13,0
Willbo,empiricaltheorist,13,0
nukefudge,empiricaltheorist,13,0
alwaysnoided,empiricaltheorist,13,0
bikemanben,empiricaltheorist,13,0
exosequitur,empiricaltheorist,13,0
billdietrich1,JaySnippety,36,0
passwordgoeshere,billdietrich1,28,0
mushinnoshin,passwordgoeshere,11,0
passwordgoeshere,mushinnoshin,2,0
Tomas92,passwordgoeshere,11,0
wazoheat,billdietrich1,28,0
I_throw_socks_at_cat,JaySnippety,36,0
ent_bomb,JaySnippety,36,0
Pongpianskul,ent_bomb,12,0
Pongpianskul,JaySnippety,36,0
TruckerJay,Pongpianskul,10,0
Pongpianskul,TruckerJay,2,0
myusernameranoutofsp,JaySnippety,36,0
shibui_,JaySnippety,36,0
DamagedFreight,JaySnippety,36,0
JaySnippety,DamagedFreight,4,0
Lo2svin,JaySnippety,36,0
DamagedFreight,Lo2svin,3,0
Lo2svin,DamagedFreight,2,0
eiPhone,JaySnippety,36,0
Justkiddingimnotkid,JaySnippety,36,0
chinagreenelvis,JaySnippety,36,0
JaySnippety,chinagreenelvis,1,0
chinagreenelvis,JaySnippety,1,0
DamagedFreight,chinagreenelvis,1,0
chinagreenelvis,DamagedFreight,0,0
DamagedFreight,chinagreenelvis,1,0
chinagreenelvis,DamagedFreight,1,0
SenorGravy,JaySnippety,36,0
mischief_bravo,SenorGravy,1,0
atomfullerene,SenorGravy,1,0
nottraceable,JaySnippety,36,0
Smithium,JaySnippety,36,0
MrGuttFeeling,JaySnippety,36,0
alwaysnoided,franksinatraisbest,2,0
franksinatraisbest,alwaysnoided,2,0
alwaysnoided,franksinatraisbest,1,0
franksinatraisbest,alwaysnoided,1,0
alwaysnoided,franksinatraisbest,1,0
franksinatraisbest,alwaysnoided,1,0
alwaysnoided,franksinatraisbest,1,0
franksinatraisbest,alwaysnoided,1,0
alwaysnoided,franksinatraisbest,1,0
VWftw,franksinatraisbest,2,0
franksinatraisbest,VWftw,2,0
franksinatraisbest,VWftw,2,0
VWftw,franksinatraisbest,1,0
franksinatraisbest,VWftw,1,0
n10w4,franksinatraisbest,2,0
Anomander,WikiThreadThrowaway,4,0
WikiThreadThrowaway,Anomander,1,0
nerdgamergurl420,WikiThreadThrowaway,4,0
[deleted],SacredVoina,33,0
exosequitur,[deleted],43,0
billdietrich1,exosequitur,15,0
exosequitur,billdietrich1,4,0
billdietrich1,exosequitur,2,0
exosequitur,billdietrich1,2,0
billdietrich1,exosequitur,1,0
exosequitur,billdietrich1,1,0
billdietrich1,exosequitur,1,0
develdevil,[deleted],43,0
[deleted],develdevil,2,0
develdevil,[deleted],2,0
[deleted],develdevil,-4,0
MrJellly,[deleted],9,0
develdevil,[deleted],9,0
mrrirri,develdevil,-4,0
billdietrich1,[deleted],43,0
Aidtor,[deleted],43,0
[deleted],Aidtor,0,0
mrrirri,[deleted],3,0
Aidtor,[deleted],3,0
[deleted],SacredVoina,33,0
You-Can-Trust-Me,[deleted],13,0
billdietrich1,You-Can-Trust-Me,5,0
10z20Luka,[deleted],13,0
UpBoatDownBoy,[deleted],13,0
[deleted],SacredVoina,33,0
Anomander,[deleted],6,0
samwhiskey,SacredVoina,33,0
billdietrich1,samwhiskey,7,0
samwhiskey,billdietrich1,4,0
billdietrich1,samwhiskey,0,0
viborg,SacredVoina,33,0
Arturs1670,SacredVoina,33,0
exosequitur,Arturs1670,3,0
billdietrich1,Arturs1670,3,0
Arturs1670,billdietrich1,1,0
billdietrich1,Arturs1670,1,0
Grandclosing,SacredVoina,33,0
katzenlurker,SacredVoina,33,0
Uncle_Erik,SacredVoina,33,0
mrrirri,Uncle_Erik,1,0
billdietrich1,Uncle_Erik,1,0
tamayimpala,SacredVoina,33,0
saffir,tamayimpala,1,0
tamayimpala,saffir,4,0
saffir,tamayimpala,0,0
Raivyn_Redux,saffir,2,0
leemur,tamayimpala,1,0
mbrousseau,SacredVoina,33,0
Thr0wawayAccount378,mbrousseau,0,0
jawdirk,Thr0wawayAccount378,9,0
erythro,mbrousseau,0,0
k9d,SacredVoina,33,0
billdietrich1,k9d,1,0
k9d,billdietrich1,2,0
billdietrich1,k9d,1,0
nonchalantpony,SacredVoina,33,0
billdietrich1,nonchalantpony,-1,0
billdietrich1,SacredVoina,33,0
saffir,billdietrich1,-1,0
billdietrich1,saffir,2,0
Guhral,SacredVoina,33,0
exosequitur,Guhral,-3,0
jrafferty,exosequitur,2,0
exosequitur,jrafferty,1,0
jrafferty,exosequitur,1,0
exosequitur,jrafferty,1,0
billdietrich1,Guhral,-3,0
pwalters64,Grandclosing,44,0
billdietrich1,Grandclosing,44,0
verdatum,Grandclosing,44,0
Grandclosing,verdatum,6,0
Domriso,Grandclosing,44,0
Grandclosing,Domriso,4,0
2Fab4You,Domriso,4,0
Domriso,2Fab4You,1,0
LockeSteerpike,Grandclosing,44,0
Elek93,LockeSteerpike,2,0
LockeSteerpike,Elek93,2,0
goodweirdo,Grandclosing,44,0
LithiumEnergy,Grandclosing,44,0
DylanVincent,Iemaj,31,0
pladin517,Iemaj,31,0
lgastako,pladin517,9,0
pladin517,lgastako,3,0
mellowmonk,Iemaj,31,0
uber_kerbonaut,Iemaj,31,0
TheNoviceBodhisattva,Iemaj,31,0
Chakote,TheNoviceBodhisattva,2,0
TheNoviceBodhisattva,Chakote,1,0
Chakote,TheNoviceBodhisattva,1,0
TheNoviceBodhisattva,Chakote,2,0
Chakote,TheNoviceBodhisattva,1,0
TheNoviceBodhisattva,Chakote,1,0
sisyphist,Iemaj,31,0
chinagreenelvis,Iemaj,31,0
backyardstar,Iemaj,31,0
Hynjia,Iemaj,31,0
wizardnamehere,Iemaj,31,0
LimbicLogic,Iemaj,31,0
0hmm,Iemaj,31,0
katzenlurker,Iemaj,31,0
noreen-webster,Iemaj,31,0
LetsGoAllTheWhey,Iemaj,31,0
MrGuttFeeling,Iemaj,31,0
exosequitur,hankbaumbach,20,0
dryguy,hankbaumbach,20,0
jerog1,dryguy,20,0
Kantor48,dryguy,20,0
jerog1,hankbaumbach,20,0
[deleted],jerog1,6,0
jerog1,[deleted],2,0
im_not_afraid,hankbaumbach,20,0
Ghandithegman,hankbaumbach,20,0
exosequitur,Ghandithegman,6,0
TheQuips,hankbaumbach,20,0
hankbaumbach,TheQuips,5,0
TheQuips,hankbaumbach,3,0
hankbaumbach,TheQuips,1,0
SummerIsTheBest,hankbaumbach,20,0
hankbaumbach,SummerIsTheBest,2,0
exosequitur,SummerIsTheBest,2,0
millenial27,hankbaumbach,20,0
mandhirbhasin,hankbaumbach,20,0
sifumokung,hankbaumbach,20,0
[deleted],hankbaumbach,20,0
hankbaumbach,[deleted],0,0
strangenchanted,areyouasmoker,32,0
basicform,strangenchanted,30,0
EeeZeeEee,areyouasmoker,32,0
Apollo78,areyouasmoker,32,0
-eagle73,areyouasmoker,32,0
MarkThrowaway,areyouasmoker,32,0
XyloArch,MarkThrowaway,5,0
let_them_burn,areyouasmoker,32,0
10BV01,areyouasmoker,32,0
TheTransmutant,areyouasmoker,32,0
JustinJamm,areyouasmoker,32,0
[deleted],areyouasmoker,32,0
kairisika,[deleted],1,0
Throwaway1748u,areyouasmoker,32,0
Grandclosing,areyouasmoker,32,0
Anomander,PokemonMasterX,4,0
PokemonMasterX,Anomander,3,0
snwww,PokemonMasterX,-3,0
viborg,snwww,3,0
PokemonMasterX,snwww,3,0
0hmm,PokemonMasterX,4,0
Uncle_Erik,PokemonMasterX,4,0
OutSourcingJesus,breadispain,11,0
breadispain,OutSourcingJesus,42,0
BrotherChe,breadispain,6,0
OutSourcingJesus,breadispain,6,0
mellowmonk,OutSourcingJesus,42,0
SETHW,breadispain,11,0
breadispain,SETHW,15,0
octopuscat77,breadispain,2,0
breadispain,octopuscat77,0,0
[deleted],breadispain,11,0
breadispain,[deleted],4,0
LockeSteerpike,breadispain,11,0
ThereIRuinedIt,breadispain,11,0
deflateddoritodinks,breadispain,11,0
ravia,breadispain,11,0
breadispain,ravia,1,0
octopuscat77,breadispain,6,0
breadispain,octopuscat77,1,0
BlueSprite714,breadispain,11,0
jawdirk,toooopy,14,0
tygg3n,toooopy,14,0
Andybaby1,toooopy,14,0
Tedius,toooopy,14,0
toooopy,Tedius,2,0
Anomander,ZeusThunder369,0,0
alwaysnoided,Anomander,37,0
ryeguy146,alwaysnoided,6,0
alwaysnoided,ryeguy146,3,0
ryeguy146,alwaysnoided,3,0
alwaysnoided,ryeguy146,1,0
ryeguy146,alwaysnoided,2,0
alwaysnoided,ryeguy146,2,0
ryeguy146,alwaysnoided,2,0
alwaysnoided,ryeguy146,0,0
infiniteninjas,Anomander,37,0
TheMoki,infiniteninjas,0,0
ryeguy146,TheMoki,4,0
neutron1,Anomander,37,0
Anomander,neutron1,-4,0
faceymcgee,Anomander,37,0
corsair027,ZeusThunder369,0,0
Joke_Insurance,corsair027,3,0
[deleted],ZeusThunder369,0,0
LusoAustralian,[deleted],4,0
VThePeople,LusoAustralian,6,0
[deleted],VThePeople,1,0
VThePeople,[deleted],2,0
[deleted],VThePeople,3,0
VThePeople,[deleted],1,0
alwaysnoided,ZeusThunder369,0,0
Anomander,alwaysnoided,0,0
alwaysnoided,Anomander,-2,0
Anomander,alwaysnoided,-5,0
alwaysnoided,Anomander,4,0
Anomander,alwaysnoided,1,0
alwaysnoided,Anomander,2,0
Anomander,alwaysnoided,2,0
Jonluw,alwaysnoided,-5,0
alwaysnoided,Jonluw,-2,0
[deleted],ZeusThunder369,0,0
ICantProcessThis,ZeusThunder369,0,0
catonmyshoulder69,ZeusThunder369,0,0
billyo86,ZeusThunder369,0,0
panurge987,ZeusThunder369,0,0
I_love_BBQ,ZeusThunder369,0,0
ZeusThunder369,I_love_BBQ,0,0
I_love_BBQ,ZeusThunder369,3,0
[deleted],ZeusThunder369,0,0
Teyar,ZeusThunder369,0,0
Uncle_Erik,PhillipBrandon,33,0
Thaufas,Uncle_Erik,47,0
thetruthwsyf,Uncle_Erik,47,0
hogger85,Uncle_Erik,47,0
spotta,Uncle_Erik,47,0
UndergroundLurker,Uncle_Erik,47,0
ThatOneNinja,Uncle_Erik,47,0
jrandom,PhillipBrandon,33,0
billdietrich1,jrandom,63,0
tylerthehun,billdietrich1,4,0
billdietrich1,tylerthehun,3,0
iamiamwhoami,tylerthehun,3,0
tylerthehun,iamiamwhoami,0,0
Grandclosing,tylerthehun,1,0
TheCenterOfEnnui,jrandom,63,0
jrandom,TheCenterOfEnnui,7,0
[deleted],jrandom,47,0
jrandom,[deleted],1,0
Sakred,jrandom,8,0
FUCK_MAGIC,Sakred,0,0
Sakred,jrandom,47,0
Fatjedi007,TheCenterOfEnnui,7,0
PhillipBrandon,Fatjedi007,1,0
PhillipBrandon,jrandom,63,0
thatguyontheleft,jrandom,63,0
PhillipBrandon,PhillipBrandon,33,0
RXrenesis8,PhillipBrandon,7,0
billdietrich1,RXrenesis8,6,0
jesseaknight,billdietrich1,13,0
billdietrich1,jesseaknight,1,0
billdietrich1,PhillipBrandon,33,0
i_lack_imagination,PhillipBrandon,33,0
tyzbit,PhillipBrandon,33,0
DevilSaintDevil,PhillipBrandon,33,0
PhillipBrandon,PhillipBrandon,33,0
catonmyshoulder69,PhillipBrandon,33,0
[deleted],PhillipBrandon,33,0
Maoman1,[deleted],3,0
DevouredByCutePupper,Maoman1,7,0
Maoman1,DevouredByCutePupper,2,0
LawBot2016,Maoman1,4,0
xHelpless,[deleted],3,0
im_not_afraid,xHelpless,4,0
spotta,im_not_afraid,1,0
xHelpless,im_not_afraid,1,0
trumpeting_in_corrid,xHelpless,1,0
Spaturno,[deleted],3,0
What_Is_X,[deleted],3,0
WilliamTake,[deleted],3,0
_poh,PhillipBrandon,33,0
What_Is_X,_poh,1,0
_poh,What_Is_X,1,0
What_Is_X,_poh,3,0
PhillipBrandon,What_Is_X,1,0
What_Is_X,PhillipBrandon,1,0
lgastako,PhillipBrandon,33,0
Spaturno,PhillipBrandon,33,0
PhillipBrandon,PhillipBrandon,33,0
spotta,PhillipBrandon,33,0
BJHanssen,PhillipBrandon,33,0
ravia,PhillipBrandon,33,0
PhillipBrandon,ravia,1,0
ravia,PhillipBrandon,1,0
PittsburghJon,PhillipBrandon,33,0
trumpeting_in_corrid,PittsburghJon,-1,0
doverthere,PittsburghJon,-1,0
PittsburghJon,doverthere,1,0
doverthere,PittsburghJon,0,0
PittsburghJon,doverthere,3,0
doverthere,PittsburghJon,1,0
PittsburghJon,doverthere,2,0
doverthere,PittsburghJon,1,0
PittsburghJon,doverthere,2,0
doverthere,PittsburghJon,1,0
Epistaxis,NihiloZero,8,0
NihiloZero,Epistaxis,4,0
atomfullerene,NihiloZero,-1,0
NihiloZero,atomfullerene,4,0
atomfullerene,NihiloZero,0,0
NihiloZero,atomfullerene,2,0
atomfullerene,NihiloZero,0,0
NihiloZero,atomfullerene,2,0
atomfullerene,NihiloZero,0,0
NihiloZero,atomfullerene,2,0
groundhogcakeday,NihiloZero,8,0
NihiloZero,groundhogcakeday,2,0
groundhogcakeday,NihiloZero,1,0
NihiloZero,groundhogcakeday,1,0
groundhogcakeday,NihiloZero,1,0
NihiloZero,groundhogcakeday,2,0
groundhogcakeday,NihiloZero,1,0
NihiloZero,groundhogcakeday,2,0
groundhogcakeday,NihiloZero,1,0
NihiloZero,groundhogcakeday,2,0
[deleted],NihiloZero,8,0
NihiloZero,[deleted],1,0
billdietrich1,NihiloZero,8,0
NihiloZero,NihiloZero,8,0
Emergency_Ward,NihiloZero,0,0
argpara,SapienSaw,21,0
SapienSaw,argpara,7,0
cosmic_glimpse,argpara,7,0
KULAKS_DESERVED_IT,argpara,7,0
atomfullerene,KULAKS_DESERVED_IT,3,0
KULAKS_DESERVED_IT,atomfullerene,5,0
amkaro35,argpara,7,0
thatsnotmybike,SapienSaw,21,0
SapienSaw,thatsnotmybike,8,0
jerichojerry,SapienSaw,-1,0
drogian,SapienSaw,21,0
viborg,drogian,4,0
atomfullerene,viborg,2,0
viborg,atomfullerene,2,0
META5THETIC,viborg,1,0
SapienSaw,viborg,2,0
jerichojerry,SapienSaw,21,0
NuDru,jerichojerry,15,0
viborg,NuDru,10,0
[deleted],viborg,-1,0
archanos,jerichojerry,15,0
TerraKhan,SapienSaw,21,0
SapienSaw,TerraKhan,4,0
kairisika,SapienSaw,21,0
SapienSaw,kairisika,2,0
kairisika,SapienSaw,1,0
Palentir,SapienSaw,21,0
SapienSaw,Palentir,2,0
Gerstlauer,hexalby,20,0
hexalby,Gerstlauer,13,0
death2escape,hexalby,3,0
TheMoki,death2escape,2,0
OutSourcingJesus,hexalby,20,0
hexalby,OutSourcingJesus,8,0
OutSourcingJesus,hexalby,1,0
[deleted],hexalby,20,0
myusernameranoutofsp,[deleted],4,0
OutSourcingJesus,hexalby,20,0
hexalby,OutSourcingJesus,3,0
hankbaumbach,hexalby,20,0
shiningstar2079,shiningstar2077,33,0
JustMeRC,shiningstar2079,8,0
alwaysnoided,shiningstar2077,33,0
empyreandreams,shiningstar2077,33,0
flibblesticks,shiningstar2077,33,0
Cobnor2451,shiningstar2077,33,0
BaldieLox,shiningstar2077,33,0
ma22972,BaldieLox,1,0
BaldieLox,ma22972,1,0
snwww,shiningstar2077,33,0
bobbyfiend,shiningstar2077,33,0
Smithium,shiningstar2077,33,0
321,shiningstar2077,33,0
bigbear425,shiningstar2077,33,0
alwaysnoided,PhillipBrandon,4,0
atomfullerene,PhillipBrandon,4,0
alwaysnoided,atomfullerene,1,0
atomfullerene,alwaysnoided,1,0
STUFF2o,PhillipBrandon,4,0
alwaysnoided,STUFF2o,1,0
STUFF2o,alwaysnoided,1,0
alwaysnoided,STUFF2o,1,0
TheMoki,PhillipBrandon,4,0
zxlk21e,SapienSaw,36,0
a_wicky,SapienSaw,36,0
alwaysnoided,a_wicky,12,0
SapienSaw,a_wicky,12,0
a_wicky,SapienSaw,5,0
SapienSaw,a_wicky,2,0
a_wicky,SapienSaw,4,0
SapienSaw,a_wicky,2,0
a_wicky,SapienSaw,2,0
SapienSaw,a_wicky,1,0
alwaysnoided,SapienSaw,1,0
a_wicky,SapienSaw,1,0
noteric,SapienSaw,5,0
cosmic_glimpse,SapienSaw,5,0
tryagainbunny,a_wicky,12,0
Hynjia,SapienSaw,36,0
Smithium,Hynjia,6,0
alwaysnoided,Smithium,1,0
Smithium,alwaysnoided,4,0
alwaysnoided,Smithium,1,0
Smithium,alwaysnoided,2,0
alwaysnoided,Smithium,1,0
Smithium,alwaysnoided,1,0
alwaysnoided,Smithium,1,0
Noctudeit,SapienSaw,36,0
alwaysnoided,Noctudeit,3,0
Noctudeit,alwaysnoided,3,0
alwaysnoided,Noctudeit,1,0
OriginalName317,SapienSaw,36,0
alwaysnoided,OriginalName317,5,0
OriginalName317,alwaysnoided,2,0
SapienSaw,OriginalName317,5,0
alwaysnoided,SapienSaw,36,0
Smithium,SapienSaw,36,0
alx359,SapienSaw,36,0
alwaysnoided,alx359,1,0
alx359,alwaysnoided,3,0
alwaysnoided,alx359,1,0
alx359,alwaysnoided,1,0
alwaysnoided,alx359,1,0
alx359,alwaysnoided,1,0
alwaysnoided,alx359,1,0
alx359,alwaysnoided,1,0
alwaysnoided,alx359,1,0
TheMoki,GainzSnaps,13,0
[deleted],TheMoki,14,0
TheMoki,[deleted],2,0
GainzSnaps,TheMoki,14,0
alwaysnoided,GainzSnaps,13,0
mellowmonk,alwaysnoided,2,0
mellowmonk,GainzSnaps,13,0
viborg,GainzSnaps,13,0
samwhiskey,GainzSnaps,13,0
Dystaxia,BaldieLox,18,0
BaldieLox,Dystaxia,9,0
TheMoki,BaldieLox,3,0
BaldieLox,TheMoki,3,0
Borax,BaldieLox,18,0
Dangthesehavetobesma,BaldieLox,18,0
BaldieLox,Dangthesehavetobesma,1,0
Dangthesehavetobesma,BaldieLox,4,0
skyedemon,Dangthesehavetobesma,3,0
BaldieLox,Dangthesehavetobesma,3,0
will0700,Dangthesehavetobesma,1,0
Dangthesehavetobesma,will0700,3,0
bojslo,BaldieLox,18,0
BaldieLox,bojslo,0,0
Duling,leetang22,0,0
leetang22,Duling,10,0
Jake_91_420,leetang22,2,0
[deleted],Jake_91_420,3,0
Jake_91_420,[deleted],1,0
[deleted],Jake_91_420,3,0
Lets_focus_onRampart,leetang22,2,0
siac4,leetang22,0,0
leetang22,siac4,17,0
topperslover69,leetang22,2,0
leetang22,topperslover69,4,0
topperslover69,leetang22,1,0
StanguardRL,leetang22,2,0
LetsGoAllTheWhey,leetang22,2,0
clavicon,leetang22,0,0
topperslover69,leetang22,0,0
M0RALVigilance,leetang22,0,0
nukefudge,leetang22,0,0
Elek93,leetang22,0,0
leetang22,Elek93,6,0
Elek93,leetang22,0,0
[deleted],leetang22,0,0
computersmasher,leetang22,0,0
alwaysnoided,leetang22,0,0
drbanana9,leetang22,0,0
mellowmonk,admiralfifi,14,0
LithiumEnergy,admiralfifi,14,0
Raccoonpuncher,LithiumEnergy,2,0
popeyeq,admiralfifi,14,0
Uncle_Erik,admiralfifi,14,0
jerryFrankson,Uncle_Erik,-1,0
[deleted],jerryFrankson,6,0
jerryFrankson,[deleted],0,0
MoralEclipse,Uncle_Erik,-1,0
alwaysnoided,Uncle_Erik,-1,0
Theharshcoldtruth,hexalby,27,0
hexalby,Theharshcoldtruth,18,0
Theharshcoldtruth,hexalby,9,0
CalmQuit,hexalby,27,0
foo_foo_the_snoo,hexalby,27,0
drdoom52,hexalby,27,0
GreenFrog76,drdoom52,7,0
drdoom52,GreenFrog76,2,0
incredibleridiculous,hexalby,27,0
[deleted],incredibleridiculous,6,0
incredibleridiculous,[deleted],1,0
[deleted],incredibleridiculous,2,0
viborg,hexalby,27,0
hexalby,viborg,3,0
viborg,hexalby,1,0
dont-blame-me,hexalby,1,0
davidpbrown,hexalby,27,0
hexalby,davidpbrown,3,0
davidpbrown,hexalby,1,0
exosequitur,hexalby,27,0
flynnie789,hexalby,27,0
fish_ball,hexalby,27,0
craigiest,hexalby,27,0
PeculiarNed,hexalby,27,0
cowardlydragon,hexalby,27,0
Grandclosing,hexalby,27,0
4169726f6e,hexalby,27,0
BabyBlooSedan,hexalby,27,0
hornwalker,hexalby,27,0
hexalby,hornwalker,1,0
hornwalker,hexalby,1,0
SkyGrass,hexalby,27,0
alwaysnoided,greenbeans987,8,0
greenbeans987,alwaysnoided,3,0
alwaysnoided,greenbeans987,2,0
-eagle73,greenbeans987,8,0
[deleted],greenbeans987,8,0
Brandon2050,greenbeans987,8,0
remphos,greenbeans987,8,0
whats-wrong-with-u,greenbeans987,8,0
plank831,greenbeans987,8,0
ecclectic,yalmes,23,0
yalmes,ecclectic,3,0
ecclectic,yalmes,2,0
85percentcertain,yalmes,2,0
jawdirk,yalmes,23,0
incredibleridiculous,yalmes,23,0
jesseaknight,yalmes,23,0
yalmes,jesseaknight,1,0
maccam94,yalmes,1,0
jesseaknight,yalmes,1,0
rollie82,yalmes,23,0
nukefudge,yalmes,23,0
JD2MLIS,yalmes,23,0
earldbjr,idreamofspring,10,0
ronglangren,idreamofspring,10,0
i_lack_imagination,ronglangren,7,0
thesilentbang1776,idreamofspring,10,0
bumbletowne,idreamofspring,10,0
thesilentbang1776,bumbletowne,4,0
MrGuttFeeling,idreamofspring,10,0
Molecular_Machine,idreamofspring,10,0
fightoffyourdemons-,idreamofspring,10,0
Anomander,fightoffyourdemons-,2,0
BabyBlooSedan,idreamofspring,10,0
fwubglubbel,idreamofspring,10,0
bkelly1984,LazyNotStirred,30,0
LazyNotStirred,bkelly1984,15,0
bisensual,LazyNotStirred,30,0
bkelly1984,bisensual,7,0
bisensual,bkelly1984,7,0
bkelly1984,bisensual,2,0
GetOffMyBus,bisensual,7,0
Innerouterself,LazyNotStirred,30,0
bikewithoutafish,LazyNotStirred,30,0
mamajoysan,bikewithoutafish,3,0
bikewithoutafish,mamajoysan,1,0
mamajoysan,bikewithoutafish,2,0
bikewithoutafish,mamajoysan,1,0
mamajoysan,bikewithoutafish,2,0
bikewithoutafish,mamajoysan,0,0
mamajoysan,bikewithoutafish,2,0
bikewithoutafish,mamajoysan,1,0
mamajoysan,bikewithoutafish,2,0
liatach,LazyNotStirred,30,0
pelhamsim,LazyNotStirred,30,0
hornwalker,LazyNotStirred,30,0
LazyNotStirred,hornwalker,2,0
mamajoysan,LazyNotStirred,30,0
Crowmakeswing,mamajoysan,1,0
4169726f6e,LazyNotStirred,30,0
bsmac45,blue_strat,37,0
Quercusalba,bsmac45,9,0
chinagreenelvis,blue_strat,37,0
passwordgoeshere,chinagreenelvis,8,0
kevbat2000,blue_strat,37,0
joonix,kevbat2000,5,0
hexalby,blue_strat,37,0
WikiTextBot,hexalby,1,0
joonix,blue_strat,37,0
RainbowDinoshwar,lazykid,6,0
RXrenesis8,lazykid,6,0
_poh,lazykid,6,0
Mercenary79,lazykid,6,0
Anomander,lazykid,6,0
Jing0oo,Anomander,4,0
Anomander,Jing0oo,2,0
UndergroundLurker,lazykid,6,0
_mommabear_,lazykid,6,0
xlptu,lazykid,6,0
lazykid,xlptu,1,0
thebodymullet,lazykid,6,0
exosequitur,lazykid,6,0
[deleted],lazykid,6,0
mamajoysan,lazykid,6,0
[deleted],ZeusThunder369,23,0
tyzbit,[deleted],34,0
remidemi,tyzbit,5,0
jpsky,ZeusThunder369,23,0
JimmyMonet,jpsky,16,0
jtaulbee,JimmyMonet,22,0
[deleted],JimmyMonet,22,0
jpsky,JimmyMonet,22,0
mattkatzbaby,jpsky,1,0
jpsky,mattkatzbaby,6,0
mattkatzbaby,jpsky,3,0
TheCenterOfEnnui,ZeusThunder369,23,0
Daynjazone,ZeusThunder369,23,0
leviathanxs,ZeusThunder369,23,0
i_am_average_AMA,ZeusThunder369,23,0
All_men_are_brothers,ZeusThunder369,23,0
watcherof_theskies,All_men_are_brothers,6,0
commtheoryprof,All_men_are_brothers,6,0
All_men_are_brothers,commtheoryprof,15,0
futurespice,All_men_are_brothers,1,0
cl3ft,ZeusThunder369,23,0
unusedthought,ZeusThunder369,23,0
ZeusThunder369,unusedthought,1,0
Pickled_Ramaker,ZeusThunder369,23,0
ZeusThunder369,Pickled_Ramaker,1,0
the_ouskull,ZeusThunder369,23,0
ZeusThunder369,the_ouskull,1,0
watcherof_theskies,ZeusThunder369,1,0
[deleted],ZeusThunder369,1,0
ZeusThunder369,[deleted],1,0
uber_kerbonaut,ZeusThunder369,23,0
Uncle_Erik,ZeusThunder369,23,0
steauengeglase,Uncle_Erik,-1,0
MakeTotalDestr0i,_smartz,20,0
pwalters64,MakeTotalDestr0i,7,0
ShiverinMaTimbers,_smartz,20,0
_smartz,ShiverinMaTimbers,10,0
ShiverinMaTimbers,_smartz,2,0
LithiumEnergy,_smartz,20,0
[deleted],_smartz,20,0
Evsie,_smartz,20,0
_smartz,Evsie,2,0
viborg,_smartz,20,0
_smartz,viborg,3,0
viborg,_smartz,1,0
_smartz,viborg,1,0
viborg,_smartz,1,0
_smartz,viborg,3,0
TallahasseWaffleHous,_smartz,2,0
mellowmonk,_smartz,20,0
neztach,_smartz,20,0
_smartz,neztach,1,0
neztach,_smartz,1,0
venomoushealer,felisconcolour,23,0
felisconcolour,venomoushealer,12,0
someredditorguy,felisconcolour,3,0
MrGuttFeeling,felisconcolour,23,0
felisconcolour,MrGuttFeeling,12,0
FReakily,MrGuttFeeling,12,0
Mercenary79,felisconcolour,23,0
DoctorLawyer,felisconcolour,23,0
OldGentleBen,felisconcolour,23,0
felisconcolour,OldGentleBen,4,0
OldGentleBen,felisconcolour,1,0
tylerthehun,felisconcolour,23,0
dmberger,felisconcolour,23,0
rjksn,felisconcolour,23,0
Arturs1670,felisconcolour,23,0
doverthere,felisconcolour,23,0
FReakily,Dim-of-the-Yard,52,0
TheCenterOfEnnui,FReakily,11,0
bergini,TheCenterOfEnnui,9,0
TheCenterOfEnnui,bergini,2,0
viborg,Dim-of-the-Yard,52,0
Kelnam,viborg,24,0
META5THETIC,viborg,24,0
viborg,META5THETIC,1,0
zizmor,META5THETIC,1,0
TheCenterOfEnnui,zizmor,7,0
viborg,TheCenterOfEnnui,3,0
TheCenterOfEnnui,viborg,2,0
viborg,TheCenterOfEnnui,1,0
TheCenterOfEnnui,viborg,1,0
viborg,TheCenterOfEnnui,1,0
HelperBot_,viborg,1,0
WikiTextBot,viborg,1,0
TheCenterOfEnnui,viborg,1,0
saffir,zizmor,7,0
Masturbateur,viborg,24,0
viborg,Masturbateur,-1,0
Masturbateur,viborg,3,0
Pisoo,Dim-of-the-Yard,52,0
Mercenary79,Dim-of-the-Yard,52,0
zizmor,Mercenary79,3,0
Mercenary79,zizmor,6,0
bergini,Mercenary79,1,0
Mercenary79,bergini,1,0
bergini,Mercenary79,1,0
Mercenary79,bergini,1,0
zizmor,Mercenary79,1,0
Mercenary79,zizmor,1,0
Barley12,Mercenary79,3,0
atomfullerene,Dim-of-the-Yard,52,0
OldGentleBen,Dim-of-the-Yard,52,0
easyclarity,OldGentleBen,3,0
chinagreenelvis,Dim-of-the-Yard,52,0
Uncle_Erik,Dim-of-the-Yard,52,0
[deleted],Uncle_Erik,-1,0
Icarus_Invictus,JellyKaques,13,0
picasso_penis,Icarus_Invictus,9,0
Icarus_Invictus,picasso_penis,3,0
JellyKaques,Icarus_Invictus,9,0
[deleted],JellyKaques,13,0
thatscool22,JellyKaques,13,0
kingbluefin,JellyKaques,13,0
txstoploss,JellyKaques,13,0
nerdgamergurl420,JellyKaques,13,0
JellyKaques,nerdgamergurl420,0,0
Hyper440,JellyKaques,1,0
GetOffMyBus,JellyKaques,13,0
Icarus_Invictus,truedino,21,0
asinine_qualities,truedino,21,0
truedino,asinine_qualities,2,0
asinine_qualities,truedino,1,0
Britannicus,truedino,21,0
SweeetPotato,truedino,21,0
mnali,nilsmoody,7,0
Britannicus,mnali,7,0
nilsmoody,mnali,7,0
Britannicus,mnali,7,0
crocodile_in_denial,nilsmoody,7,0
rasputin1,crocodile_in_denial,3,0
Autobrot,rasputin1,2,0
WikiTextBot,Autobrot,3,0
Tendou,nilsmoody,7,0
theraaj,nilsmoody,7,0
tyzbit,theraaj,1,0
theraaj,tyzbit,1,0
fish_ball,nilsmoody,7,0
Schnippernyc,nilsmoody,7,0
comunistul,nilsmoody,7,0
nilsmoody,comunistul,1,0
comunistul,nilsmoody,2,0
nilsmoody,comunistul,1,0
comunistul,nilsmoody,2,0
nilsmoody,comunistul,1,0
comunistul,nilsmoody,2,0
TheMoki,SweeetPotato,75,0
Epistaxis,TheMoki,45,0
TheMoki,Epistaxis,19,0
Mr_Holmes,TheMoki,4,0
SweeetPotato,Epistaxis,19,0
[deleted],SweeetPotato,3,0
strangenchanted,[deleted],2,0
quix117,strangenchanted,6,0
TheMoki,quix117,2,0
strangenchanted,Epistaxis,19,0
SweeetPotato,strangenchanted,3,0
CNoTe820,strangenchanted,3,0
strangenchanted,CNoTe820,1,0
CNoTe820,strangenchanted,1,0
strangenchanted,CNoTe820,1,0
CNoTe820,strangenchanted,2,0
strangenchanted,CNoTe820,1,0
0xBA11,TheMoki,45,0
tdreager,0xBA11,7,0
CNoTe820,tdreager,3,0
SweeetPotato,TheMoki,45,0
kairisika,TheMoki,45,0
TheMoki,kairisika,1,0
Pickled_Ramaker,SweeetPotato,75,0
SweeetPotato,Pickled_Ramaker,55,0
PersonOfInternets,SweeetPotato,9,0
davidpbrown,PersonOfInternets,11,0
CaptainDudeGuy,Pickled_Ramaker,55,0
kairisika,CaptainDudeGuy,5,0
Coroxn,kairisika,3,0
[deleted],CaptainDudeGuy,5,0
PersonOfInternets,SweeetPotato,75,0
[deleted],PersonOfInternets,19,0
giant_potatos,SweeetPotato,75,0
bkelly1984,SweeetPotato,75,0
TheCenterOfEnnui,bkelly1984,10,0
bkelly1984,TheCenterOfEnnui,2,0
TheCenterOfEnnui,bkelly1984,5,0
bkelly1984,TheCenterOfEnnui,4,0
WikiTextBot,bkelly1984,5,0
[deleted],bkelly1984,10,0
bkelly1984,[deleted],2,0
HelperBot_,bkelly1984,2,0
74576480449124578456,SweeetPotato,75,0
PersonOfInternets,74576480449124578456,16,0
SweeetPotato,74576480449124578456,16,0
bkelly1984,74576480449124578456,16,0
Coroxn,bkelly1984,9,0
74576480449124578456,Coroxn,15,0
Coroxn,74576480449124578456,11,0
GoldenFalcon,Coroxn,6,0
Coroxn,GoldenFalcon,1,0
GoldenFalcon,Coroxn,6,0
[deleted],74576480449124578456,11,0
DietOfTheMind,[deleted],3,0
[deleted],DietOfTheMind,-1,0
DietOfTheMind,[deleted],4,0
quix117,DietOfTheMind,2,0
bkelly1984,74576480449124578456,11,0
avenlanzer,bkelly1984,-2,0
bkelly1984,avenlanzer,7,0
TheMoki,bkelly1984,-3,0
bkelly1984,TheMoki,9,0
quix117,bkelly1984,2,0
[deleted],bkelly1984,-3,0
bkelly1984,[deleted],6,0
quix117,bkelly1984,1,0
74576480449124578456,bkelly1984,-2,0
bkelly1984,74576480449124578456,5,0
bkelly1984,Coroxn,15,0
ChakraWC,bkelly1984,2,0
bkelly1984,ChakraWC,5,0
Epistaxis,bkelly1984,2,0
bkelly1984,Epistaxis,7,0
Epistaxis,bkelly1984,2,0
bkelly1984,Epistaxis,2,0
Epistaxis,bkelly1984,1,0
Coroxn,bkelly1984,2,0
agk23,Coroxn,2,0
bkelly1984,Coroxn,2,0
Coroxn,bkelly1984,1,0
DietOfTheMind,Coroxn,4,0
quix117,DietOfTheMind,2,0
DietOfTheMind,quix117,1,0
Coroxn,DietOfTheMind,2,0
DietOfTheMind,Coroxn,1,0
bkelly1984,Coroxn,4,0
Coroxn,bkelly1984,0,0
bkelly1984,Coroxn,5,0
avenlanzer,bkelly1984,1,0
bkelly1984,avenlanzer,-2,0
fightoffyourdemons-,bkelly1984,9,0
DietOfTheMind,74576480449124578456,16,0
tdreager,SweeetPotato,75,0
bkelly1984,tdreager,4,0
Spaturno,bkelly1984,10,0
bkelly1984,Spaturno,3,0
Spaturno,bkelly1984,3,0
bkelly1984,Spaturno,3,0
Spaturno,bkelly1984,1,0
tdreager,bkelly1984,10,0
SweeetPotato,tdreager,4,0
tdreager,SweeetPotato,2,0
Pickled_Ramaker,SweeetPotato,75,0
TheCenterOfEnnui,Pickled_Ramaker,8,0
hexalby,TheCenterOfEnnui,3,0
TheCenterOfEnnui,hexalby,4,0
hexalby,TheCenterOfEnnui,1,0
TheCenterOfEnnui,hexalby,1,0
hexalby,TheCenterOfEnnui,1,0
TheCenterOfEnnui,hexalby,1,0
hexalby,TheCenterOfEnnui,1,0
SweeetPotato,Pickled_Ramaker,8,0
hugababoo,SweeetPotato,75,0
SweeetPotato,hugababoo,2,0
hugababoo,SweeetPotato,2,0
SweeetPotato,hugababoo,2,0
[deleted],SweeetPotato,2,0
SweeetPotato,[deleted],2,0
uber_kerbonaut,SweeetPotato,75,0
nukefudge,SweeetPotato,75,0
SweeetPotato,nukefudge,1,0
nukefudge,SweeetPotato,2,0
SweeetPotato,nukefudge,1,0
nukefudge,SweeetPotato,2,0
SweeetPotato,nukefudge,1,0
tyzbit,SweeetPotato,32,0
AliceHouse,tyzbit,24,0
tyzbit,AliceHouse,7,0
dsbmac,SweeetPotato,32,0
AliceHouse,dsbmac,5,0
dsbmac,AliceHouse,2,0
bribsene0n,AliceHouse,2,0
nayeet,SweeetPotato,32,0
SweeetPotato,nayeet,4,0
nayeet,SweeetPotato,3,0
thewaffles,SweeetPotato,32,0
ignoranceisboring,SweeetPotato,32,0
AliceHouse,SweeetPotato,32,0
poopSNARE,SweeetPotato,32,0
amberdrake,nik_101,41,0
[deleted],amberdrake,54,0
Borax,[deleted],17,0
PixelTreason,amberdrake,54,0
hobbitdudesimon,PixelTreason,5,0
nik_101,amberdrake,54,0
Rbhadaur,amberdrake,54,0
Mercenary79,nik_101,41,0
Nummind,Mercenary79,24,0
Mercenary79,Nummind,18,0
Talpostal,Mercenary79,24,0
nik_101,Mercenary79,24,0
Mercenary79,nik_101,2,0
Patpgh84,Mercenary79,1,0
72414dreams,nik_101,41,0
Uncle_Erik,nik_101,41,0
sgt-brak,nik_101,41,0
I_done_a_plop-plop,nik_101,41,0
nik_101,I_done_a_plop-plop,5,0
Elanthius,I_done_a_plop-plop,5,0
G-42,nik_101,41,0
Chrighenndeter,G-42,3,0
jawdirk,nik_101,41,0
nik_101,jawdirk,7,0
jawdirk,nik_101,3,0
nik_101,jawdirk,22,0
jawdirk,nik_101,2,0
nik_101,jawdirk,3,0
billdietrich1,nik_101,41,0
nik_101,billdietrich1,3,0
Spaturno,billdietrich1,3,0
shahkabra,nik_101,41,0
GunsGermsAndSteel,nik_101,41,0
neostah,nik_101,41,0
[deleted],nik_101,41,0
Art9681,nik_101,41,0
Borax,Art9681,1,0
doverthere,nik_101,41,0
ZeusThunder369,nik_101,41,0
nik_101,ZeusThunder369,1,0
is_reddit_useful,nik_101,41,0
bribsene0n,nik_101,41,0
chinagreenelvis,hankbaumbach,52,0
billdietrich1,hankbaumbach,52,0
TheSpongeOfTheWorld,billdietrich1,5,0
billdietrich1,TheSpongeOfTheWorld,1,0
TheSpongeOfTheWorld,billdietrich1,2,0
billdietrich1,TheSpongeOfTheWorld,1,0
TheSpongeOfTheWorld,billdietrich1,2,0
Braxo,hankbaumbach,52,0
earldbjr,hankbaumbach,52,0
jerichojerry,earldbjr,8,0
earldbjr,jerichojerry,3,0
jerichojerry,earldbjr,1,0
earldbjr,jerichojerry,2,0
CalibanDrive,hankbaumbach,52,0
NoDadNotTheBelt,hankbaumbach,52,0
Bobby6kennedy,hankbaumbach,52,0
uber_kerbonaut,hankbaumbach,52,0
tdreager,uber_kerbonaut,2,0
JimmyMonet,hankbaumbach,52,0
hankbaumbach,JimmyMonet,0,0
JimmyMonet,hankbaumbach,3,0
hankbaumbach,JimmyMonet,3,0
Booty_Bumping,JimmyMonet,0,0
hankbaumbach,Booty_Bumping,1,0
OldBeercan,Markdd8,10,0
Markdd8,OldBeercan,10,0
Pickled_Ramaker,Markdd8,10,0
Jonluw,Markdd8,10,0
kazarnowicz,Markdd8,10,0
d-a-v-e-,Markdd8,10,0
Im_Fucking_Saying_It,d-a-v-e-,2,0
GaslightProphet,Markdd8,10,0
Brandeez0,Markdd8,10,0
Sixtydotnine,Markdd8,10,0
secrethookerman,Markdd8,10,0
Lunares,Markdd8,10,0
kazarnowicz,Lunares,1,0
HelperBot_,kazarnowicz,2,0
cigr,Markdd8,10,0
AnEpoxyToTheWorld,Markdd8,10,0
SuddenSeasons,AnEpoxyToTheWorld,-1,0
AnEpoxyToTheWorld,SuddenSeasons,7,0
Jonluw,AnEpoxyToTheWorld,-1,0
AnEpoxyToTheWorld,Jonluw,1,0
chinagreenelvis,SapienSaw,37,0
Poetoftherain,chinagreenelvis,23,0
BaldieLox,Poetoftherain,13,0
Barley12,Poetoftherain,13,0
chinagreenelvis,Poetoftherain,13,0
birkir,SapienSaw,37,0
SilentSocrates,SapienSaw,37,0
SapienSaw,SilentSocrates,8,0
SilentSocrates,SapienSaw,2,0
SapienSaw,SilentSocrates,3,0
BaldieLox,SapienSaw,1,0
SapienSaw,BaldieLox,1,0
aletoledo,SapienSaw,37,0
[deleted],SapienSaw,37,0
SapienSaw,[deleted],5,0
TelicAstraeus,SapienSaw,2,0
[deleted],SapienSaw,2,0
aeschenkarnos,[deleted],1,0
MaxSupernova,aeschenkarnos,1,0
ShiverinMaTimbers,SapienSaw,37,0
Brandeez0,SapienSaw,37,0
comunistul,SapienSaw,37,0
nukefudge,SapienSaw,37,0
TelicAstraeus,SapienSaw,37,0
Britannicus,SapienSaw,37,0
TelicAstraeus,Britannicus,-1,0
Superherojohn,Markdd8,24,0
bruce656,Superherojohn,9,0
TheNormalWoman,Markdd8,24,0
[deleted],TheNormalWoman,6,0
TheCenterOfEnnui,Markdd8,24,0
Markdd8,TheCenterOfEnnui,6,0
TheCenterOfEnnui,Markdd8,3,0
Malician,Markdd8,3,0
Markdd8,Malician,5,0
craigiest,Markdd8,3,0
[deleted],Markdd8,3,0
bkelly1984,Markdd8,24,0
[deleted],bkelly1984,2,0
kairisika,Markdd8,24,0
GeneFrenklesCowbell,Markdd8,24,0
nomad1987,Markdd8,24,0
Markdd8,nomad1987,1,0
nomad1987,Markdd8,1,0
FReakily,Markdd8,24,0
Sqeaky,new_seeds,14,0
Julian_rc,Sqeaky,23,0
Sqeaky,Julian_rc,2,0
Julian_rc,Sqeaky,8,0
RXrenesis8,Julian_rc,0,0
frankduxvandamme,Sqeaky,23,0
Sqeaky,frankduxvandamme,-4,0
frankduxvandamme,Sqeaky,4,0
Sqeaky,frankduxvandamme,5,0
frankduxvandamme,Sqeaky,1,0
Sqeaky,frankduxvandamme,1,0
billdietrich1,new_seeds,14,0
confetti27,new_seeds,14,0
cl3ft,confetti27,3,0
[deleted],new_seeds,14,0
GoodAndBluts,new_seeds,14,0
Britannicus,new_seeds,14,0
nukefudge,new_seeds,14,0
BabyBlooSedan,new_seeds,14,0
atomfullerene,new_seeds,14,0
Pickled_Ramaker,new_seeds,14,0
atomfullerene,Markdd8,20,0
Markdd8,atomfullerene,16,0
atomfullerene,Markdd8,1,0
[deleted],atomfullerene,25,0
Markdd8,atomfullerene,25,0
craigiest,Markdd8,1,0
Markdd8,craigiest,1,0
4481220325284136,Markdd8,1,0
Markdd8,4481220325284136,2,0
4481220325284136,Markdd8,1,0
craigiest,Markdd8,1,0
pbmonster,Markdd8,20,0
boob123456789,Markdd8,20,0
Markdd8,boob123456789,5,0
boob123456789,Markdd8,1,0
Markdd8,boob123456789,5,0
mackduck,Markdd8,20,0
popeyeq,Markdd8,20,0
TotesMessenger,Markdd8,20,0
zuesosaurus,darthaugustus,28,0
ecclectic,zuesosaurus,6,0
Brandeez0,ecclectic,6,0
[deleted],zuesosaurus,6,0
TheMadRyaner,darthaugustus,28,0
chinagreenelvis,darthaugustus,28,0
TheAshwin,darthaugustus,28,0
poopSNARE,TheAshwin,1,0
amkaro35,poopSNARE,1,0
mackduck,darthaugustus,28,0
[deleted],darthaugustus,28,0
sweetdee83,darthaugustus,28,0
Jonluw,DietDoctorGoat,36,0
zeptimius,DietDoctorGoat,36,0
bisensual,zeptimius,7,0
[deleted],bisensual,2,0
phfle1,DietDoctorGoat,36,0
Tetragonos,DietDoctorGoat,36,0
potverdorie,moderatelyfunctional,58,0
vimspot,potverdorie,39,0
potverdorie,vimspot,4,0
vimspot,potverdorie,3,0
potverdorie,vimspot,3,0
vimspot,potverdorie,5,0
zip_000,vimspot,4,0
KevZero,moderatelyfunctional,58,0
slutvomit,moderatelyfunctional,58,0
NobleKale,slutvomit,8,0
hexalby,slutvomit,8,0
slutvomit,hexalby,3,0
BruinsFan478,slutvomit,3,0
hexalby,BruinsFan478,0,0
BruinsFan478,hexalby,2,0
[deleted],slutvomit,8,0
TheAshwin,[deleted],2,0
Uncle_Erik,[deleted],2,0
atomfullerene,Uncle_Erik,1,0
[deleted],Uncle_Erik,1,0
hexalby,Uncle_Erik,1,0
pfft_sleep,moderatelyfunctional,58,0
kuromimi,moderatelyfunctional,58,0
viborg,moderatelyfunctional,58,0
FarmerGiles_,moderatelyfunctional,58,0
vmcreative,FarmerGiles_,1,0
RevisedMonk,moderatelyfunctional,58,0
jrafferty,rollie82,18,0
Sixtydotnine,jrafferty,30,0
[deleted],rollie82,18,0
EatThisShoe,rollie82,18,0
davidfitzgibbon,rollie82,18,0
rollie82,davidfitzgibbon,17,0
GoodAndBluts,rollie82,18,0
rollie82,GoodAndBluts,5,0
GoodAndBluts,rollie82,1,0
EugeneRider,rollie82,18,0
watcherof_theskies,EugeneRider,3,0
_youtubot_,EugeneRider,3,0
BaldieLox,rollie82,18,0
madcap462,rollie82,18,0
[deleted],rollie82,18,0
rollie82,[deleted],1,0
dazz4reddit,rollie82,18,0
TheCenterOfEnnui,rollie82,18,0
WhyNotJustTryInstead,rollie82,18,0
TooManyBlueShirts,WhyNotJustTryInstead,0,0
WhyNotJustTryInstead,TooManyBlueShirts,5,0
Anomander,WhyNotJustTryInstead,-1,0
WhyNotJustTryInstead,Anomander,1,0
Kim147,rollie82,18,0
TooManyBlueShirts,Kim147,-1,0
kairisika,ZeusThunder369,13,0
myusernameranoutofsp,ZeusThunder369,13,0
FReakily,myusernameranoutofsp,16,0
myusernameranoutofsp,FReakily,1,0
myusernameranoutofsp,FReakily,1,0
FReakily,myusernameranoutofsp,3,0
myusernameranoutofsp,FReakily,1,0
UndergroundLurker,ZeusThunder369,13,0
ZeusThunder369,UndergroundLurker,16,0
UndergroundLurker,ZeusThunder369,4,0
ZeusThunder369,UndergroundLurker,10,0
UndergroundLurker,ZeusThunder369,3,0
ZeusThunder369,UndergroundLurker,9,0
UndergroundLurker,ZeusThunder369,4,0
in00tj,UndergroundLurker,10,0
UndergroundLurker,in00tj,1,0
in00tj,UndergroundLurker,3,0
UndergroundLurker,in00tj,0,0
myusernameranoutofsp,ZeusThunder369,4,0
FReakily,ZeusThunder369,13,0
The27thS,ZeusThunder369,13,0
billdietrich1,ZeusThunder369,13,0
theredtelephone,ZeusThunder369,13,0
ZeusThunder369,theredtelephone,3,0
thatscool22,ZeusThunder369,5,0
ZeusThunder369,thatscool22,6,0
atomfullerene,ZeusThunder369,6,0
thatscool22,ZeusThunder369,6,0
atomfullerene,ZeusThunder369,13,0
AliceHouse,ZeusThunder369,13,0
Tetragonos,ZeusThunder369,13,0
technologyisnatural,ZeusThunder369,13,0
The27thS,technologyisnatural,0,0
nukefudge,Ampleton,26,0
34813,nukefudge,15,0
new_seeds,34813,3,0
Burkules,Ampleton,26,0
Data_Credits,Ampleton,26,0
Brandeez0,Ampleton,26,0
mookymix,SuperSmokio6420,24,0
TheMoki,mookymix,9,0
deathtofascism1312,SuperSmokio6420,24,0
I_RATE_HATS,SuperSmokio6420,24,0
Superherojohn,SuperSmokio6420,24,0
Britannicus,SuperSmokio6420,24,0
Sparkiano,Markdd8,40,0
Markdd8,Sparkiano,18,0
Sparkiano,Markdd8,2,0
Markdd8,Sparkiano,6,0
no-mad,Markdd8,40,0
Markdd8,no-mad,12,0
[deleted],Markdd8,40,0
Markdd8,[deleted],5,0
FamousLastNurse,Markdd8,40,0
Markdd8,FamousLastNurse,4,0
Innerouterself,Markdd8,40,0
Markdd8,Innerouterself,2,0
sporkafunk,Markdd8,40,0
Markdd8,sporkafunk,1,0
sporkafunk,Markdd8,3,0
Abadoobie,Markdd8,3,0
Markdd8,Abadoobie,1,0
Trumple_Thinskins,Markdd8,2,0
Markdd8,Trumple_Thinskins,4,0
Trumple_Thinskins,Markdd8,1,0
Markdd8,Trumple_Thinskins,0,0
Crlne_bot,Markdd8,2,0
Trumple_Thinskins,Markdd8,2,0
Markdd8,Trumple_Thinskins,1,0
AThousandTimesThis,Markdd8,40,0
Markdd8,AThousandTimesThis,1,0
viborg,KULAKS_DESERVED_IT,39,0
KULAKS_DESERVED_IT,viborg,15,0
viborg,KULAKS_DESERVED_IT,5,0
chinagreenelvis,KULAKS_DESERVED_IT,39,0
nukefudge,KULAKS_DESERVED_IT,39,0
KULAKS_DESERVED_IT,nukefudge,3,0
nukefudge,KULAKS_DESERVED_IT,2,0
Britannicus,nukefudge,1,0
nukefudge,Britannicus,2,0
Britannicus,nukefudge,2,0
nukefudge,Britannicus,2,0
blue_strat,KULAKS_DESERVED_IT,39,0
ReallySeriously78,KULAKS_DESERVED_IT,39,0
catonmyshoulder69,KULAKS_DESERVED_IT,39,0
woowoo293,catonmyshoulder69,2,0
mrmnder,catonmyshoulder69,2,0
MaxSupernova,KULAKS_DESERVED_IT,39,0
Xenocerebral,KULAKS_DESERVED_IT,39,0
Britannicus,Xenocerebral,1,0
Britannicus,KULAKS_DESERVED_IT,39,0
NegaByte,AFWUSA,43,0
AFWUSA,NegaByte,51,0
NegaByte,AFWUSA,7,0
eccarn,NegaByte,51,0
tdreager,NegaByte,51,0
Smithium,AFWUSA,43,0
WikiTextBot,Smithium,6,0
HughJorgens,AFWUSA,43,0
teachMe,HughJorgens,4,0
calmainyourass,teachMe,7,0
kerouacrimbaud,calmainyourass,1,0
Meaninglessnme,AFWUSA,43,0
AFWUSA,Meaninglessnme,2,0
Meaninglessnme,AFWUSA,1,0
viborg,AFWUSA,43,0
AFWUSA,viborg,1,0
shotleft,AFWUSA,43,0
farfigneugan,AFWUSA,43,0
[deleted],melopee,24,0
melopee,[deleted],6,0
viborg,[deleted],6,0
darkrxn,melopee,24,0
melopee,darkrxn,3,0
darkrxn,melopee,1,0
melopee,darkrxn,1,0
nukefudge,melopee,24,0
melopee,nukefudge,1,0
Igorcryr,melopee,24,0
Igorcryr,Igorcryr,1,0
AFWUSA,melopee,24,0
melopee,AFWUSA,-1,0
viborg,AFWUSA,-1,0
handshape,KrabbyMccrab,61,0
KrabbyMccrab,handshape,27,0
tryagainbunny,KrabbyMccrab,4,0
woowoo293,handshape,27,0
viborg,handshape,27,0
WarWeasle,KrabbyMccrab,61,0
pineapplesoup7,KrabbyMccrab,61,0
anotherwise,KrabbyMccrab,61,0
_hephaestus,KrabbyMccrab,61,0
UpBoatDownBoy,KrabbyMccrab,61,0
Tetragonos,KrabbyMccrab,61,0
RevisedMonk,KrabbyMccrab,61,0
KrabbyMccrab,RevisedMonk,1,0
uber_kerbonaut,KrabbyMccrab,61,0
actionman1983,KrabbyMccrab,61,0
Owlsdoom,lonelady75,45,0
namegone,Owlsdoom,23,0
lonelady75,Owlsdoom,23,0
foo_foo_the_snoo,lonelady75,0,0
[deleted],foo_foo_the_snoo,8,0
foo_foo_the_snoo,[deleted],0,0
underbridge,lonelady75,0,0
[deleted],underbridge,12,0
Raccoonpuncher,[deleted],-2,0
handshape,lonelady75,45,0
lonelady75,handshape,5,0
gazman00,lonelady75,5,0
cursethedarkness,lonelady75,5,0
WhyNotJustTryInstead,lonelady75,45,0
lonelady75,WhyNotJustTryInstead,2,0
corsair027,lonelady75,45,0
potverdorie,lonelady75,45,0
fwubglubbel,lonelady75,45,0
lonelady75,fwubglubbel,1,0
Raccoonpuncher,lonelady75,45,0
lonelady75,Raccoonpuncher,1,0
davidpbrown,lonelady75,45,0
lonelady75,davidpbrown,0,0
davidpbrown,lonelady75,3,0
thesmokingpants,davidpbrown,0,0
davidpbrown,thesmokingpants,1,0
Tetragonos,lonelady75,45,0
lonelady75,Tetragonos,0,0
Tetragonos,lonelady75,2,0
meridian_blue,passwordgoeshere,75,0
tdreager,meridian_blue,45,0
KULAKS_DESERVED_IT,tdreager,6,0
ABabyAteMyDingo,KULAKS_DESERVED_IT,1,0
KULAKS_DESERVED_IT,ABabyAteMyDingo,1,0
deathtofascism1312,KULAKS_DESERVED_IT,6,0
ABabyAteMyDingo,KULAKS_DESERVED_IT,6,0
KULAKS_DESERVED_IT,ABabyAteMyDingo,-1,0
Starklet,ABabyAteMyDingo,1,0
tdreager,ABabyAteMyDingo,1,0
AnythingApplied,meridian_blue,45,0
deathtofascism1312,passwordgoeshere,75,0
Poproc,passwordgoeshere,75,0
secrethookerman,Poproc,10,0
dankind,passwordgoeshere,75,0
passwordgoeshere,dankind,23,0
Innerouterself,passwordgoeshere,13,0
RawketPropelled,dankind,23,0
n0ah_fense,passwordgoeshere,75,0
viborg,n0ah_fense,32,0
Starklet,n0ah_fense,32,0
[deleted],n0ah_fense,32,0
KULAKS_DESERVED_IT,passwordgoeshere,75,0
Epledryyk,KULAKS_DESERVED_IT,6,0
[deleted],KULAKS_DESERVED_IT,6,0
viborg,KULAKS_DESERVED_IT,6,0
KULAKS_DESERVED_IT,viborg,-2,0
viborg,KULAKS_DESERVED_IT,6,0
chinagreenelvis,KULAKS_DESERVED_IT,6,0
Mattcwu,passwordgoeshere,75,0
passwordgoeshere,Mattcwu,2,0
fwubglubbel,passwordgoeshere,75,0
mooserider2,Zelduuhh,33,0
TheRedGerund,mooserider2,17,0
mooserider2,TheRedGerund,-3,0
TheRedGerund,mooserider2,4,0
mooserider2,TheRedGerund,-3,0
paterfamilias78,mooserider2,6,0
TheRedGerund,paterfamilias78,5,0
paterfamilias78,TheRedGerund,1,0
TheRedGerund,paterfamilias78,1,0
paterfamilias78,TheRedGerund,1,0
slappymcnutface,TheRedGerund,-3,0
72414dreams,TheRedGerund,-3,0
vvv1gor,mooserider2,17,0
mooserider2,vvv1gor,-15,0
vvv1gor,mooserider2,9,0
mooserider2,vvv1gor,-19,0
TheRedGerund,mooserider2,11,0
mooserider2,TheRedGerund,1,0
vvv1gor,mooserider2,11,0
mooserider2,vvv1gor,-8,0
vvv1gor,mooserider2,10,0
[deleted],vvv1gor,-4,0
IMADV8,[deleted],5,0
vvv1gor,[deleted],5,0
IMADV8,vvv1gor,-8,0
[deleted],vvv1gor,-19,0
holomanga,vvv1gor,-15,0
Coroxn,vvv1gor,-15,0
YosserHughes,Zelduuhh,33,0
to_pass_time,YosserHughes,6,0
nukefudge,Zelduuhh,33,0
Zelduuhh,nukefudge,3,0
nukefudge,Zelduuhh,1,0
[deleted],Zelduuhh,1,0
72414dreams,nukefudge,3,0
nukefudge,72414dreams,1,0
72414dreams,nukefudge,1,0
nukefudge,72414dreams,1,0
72414dreams,nukefudge,1,0
nukefudge,72414dreams,2,0
72414dreams,nukefudge,1,0
nukefudge,72414dreams,2,0
72414dreams,nukefudge,1,0
to_pass_time,Zelduuhh,33,0
tommy7154,Zelduuhh,33,0
KevinMack25,Zelduuhh,33,0
Lyzl,Zelduuhh,33,0
72414dreams,Zelduuhh,33,0
vvv1gor,Zelduuhh,33,0
mooserider2,vvv1gor,1,0
vvv1gor,mooserider2,2,0
mooserider2,vvv1gor,1,0
vvv1gor,mooserider2,1,0
mooserider2,vvv1gor,1,0
derekp23,Zelduuhh,33,0
ouroboro76,Zelduuhh,33,0
catonmyshoulder69,Zelduuhh,33,0
Sqeaky,Zelduuhh,33,0
kairisika,Zelduuhh,33,0
321,Zelduuhh,33,0
uber_kerbonaut,Zelduuhh,33,0
tyzbit,Milkshaketurtle79,29,0
[deleted],tyzbit,8,0
tyzbit,[deleted],2,0
Mattcwu,Milkshaketurtle79,29,0
aa24577,Mattcwu,11,0
Mattcwu,aa24577,1,0
aa24577,Mattcwu,3,0
Krischan76,aa24577,2,0
Sqeaky,aa24577,2,0
aa24577,Sqeaky,1,0
Sqeaky,aa24577,1,0
aa24577,Sqeaky,1,0
Sqeaky,aa24577,1,0
aa24577,Sqeaky,1,0
Sqeaky,aa24577,1,0
aa24577,Sqeaky,2,0
Sqeaky,aa24577,1,0
aa24577,Sqeaky,1,0
SpiritWolfie,Milkshaketurtle79,29,0
Milkshaketurtle79,SpiritWolfie,3,0
octo842,Milkshaketurtle79,1,0
SpiritWolfie,Milkshaketurtle79,1,0
zeptimius,Milkshaketurtle79,29,0
HelperBot_,zeptimius,4,0
zeptimius,HelperBot_,1,0
GoodBot_BadBot,zeptimius,1,0
WikiTextBot,zeptimius,4,0
mooserider2,Milkshaketurtle79,29,0
KevZero,mooserider2,3,0
MrOaiki,Milkshaketurtle79,29,0
mellowmonk,Milkshaketurtle79,29,0
[deleted],Milkshaketurtle79,29,0
WikiTextBot,[deleted],1,0
gnudarve,Milkshaketurtle79,29,0
TheMoki,AFWUSA,30,0
85percentcertain,TheMoki,19,0
fuckin_username,TheMoki,19,0
TheMoki,fuckin_username,1,0
fuckin_username,TheMoki,3,0
Seroton1n,fuckin_username,0,0
[deleted],TheMoki,19,0
mackduck,AFWUSA,30,0
alwaysnoided,AFWUSA,30,0
MaxSupernova,AFWUSA,30,0
catonmyshoulder69,Markdd8,38,0
uber_kerbonaut,catonmyshoulder69,30,0
catonmyshoulder69,uber_kerbonaut,3,0
digdilem,catonmyshoulder69,30,0
catonmyshoulder69,digdilem,1,0
hyperblaster,Markdd8,38,0
vagijn,hyperblaster,6,0
davidpbrown,Markdd8,38,0
HeyT00ts11,Markdd8,38,0
Uncle_Erik,Markdd8,38,0
iheartvintage,uber_kerbonaut,17,0
uber_kerbonaut,iheartvintage,3,0
YaDunGoofed,uber_kerbonaut,17,0
selementar,YaDunGoofed,3,0
vvv1gor,selementar,2,0
YaDunGoofed,vvv1gor,1,0
TheOtherTulpa,QuanHitter,20,0
QuanHitter,TheOtherTulpa,13,0
Sqeaky,QuanHitter,3,0
QuanHitter,Sqeaky,7,0
Sqeaky,QuanHitter,3,0
QuanHitter,Sqeaky,2,0
qvrjuec,QuanHitter,1,0
QuanHitter,qvrjuec,1,0
qvrjuec,QuanHitter,1,0
TheOtherTulpa,QuanHitter,3,0
jawdirk,QuanHitter,20,0
handshape,QuanHitter,20,0
jrandom,QuanHitter,20,0
jawdirk,jrandom,2,0
jrandom,jawdirk,1,0
MaxSupernova,PhillipBrandon,18,0
uber_kerbonaut,MaxSupernova,8,0
MaxSupernova,uber_kerbonaut,2,0
Smithium,PhillipBrandon,18,0
uber_kerbonaut,Smithium,3,0
nukefudge,PhillipBrandon,18,0
uber_kerbonaut,PhillipBrandon,18,0
uber_kerbonaut,PhillipBrandon,18,0
davidpbrown,PhillipBrandon,18,0
PhillipBrandon,davidpbrown,1,0
davidpbrown,PhillipBrandon,0,0
[deleted],poopSNARE,19,0
CNoTe820,[deleted],8,0
gmoney8869,CNoTe820,1,0
chinagreenelvis,poopSNARE,19,0
Occams-shaving-cream,poopSNARE,19,0
lawjic,poopSNARE,19,0
westcoastsunflower,lawjic,2,0
Sqeaky,poopSNARE,19,0
[deleted],poopSNARE,19,0
rakesuoh,[deleted],1,0
[deleted],rakesuoh,1,0
poopSNARE,[deleted],1,0
[deleted],poopSNARE,1,0
poopSNARE,[deleted],2,0
[deleted],poopSNARE,1,0
_poh,poopSNARE,19,0
poopSNARE,_poh,-8,0
Sqeaky,_poh,-8,0
PoopedYourPantz,eunoia_90,40,0
m0shim0shi,eunoia_90,40,0
BreakfastTomcat,m0shim0shi,15,0
[deleted],eunoia_90,40,0
salixara,[deleted],9,0
bisensual,eunoia_90,40,0
bob-leblaw,eunoia_90,40,0
Enez61,eunoia_90,40,0
dilatory_tactics,eunoia_90,40,0
MaxSupernova,eunoia_90,40,0
slappymcnutface,eunoia_90,40,0
nukefudge,eunoia_90,40,0
zeptimius,JJBenzie,26,0
META5THETIC,zeptimius,35,0
zeptimius,META5THETIC,11,0
chuckquizmo,zeptimius,3,0
zeptimius,chuckquizmo,1,0
plank831,JJBenzie,26,0
[deleted],plank831,7,0
duckies_wild,JJBenzie,26,0
billdietrich1,duckies_wild,5,0
Tetragramatron,duckies_wild,5,0
Yiin,JJBenzie,26,0
Tetragramatron,Yiin,9,0
Yiin,Tetragramatron,8,0
eosha,Yiin,9,0
Yiin,eosha,5,0
eosha,Yiin,1,0
[deleted],Yiin,9,0
Yiin,[deleted],3,0
[deleted],Yiin,1,0
Yiin,[deleted],1,0
eosha,Yiin,1,0
Superherojohn,JJBenzie,26,0
Tetragramatron,JJBenzie,26,0
lordkyl,JJBenzie,26,0
Tetragramatron,lordkyl,1,0
Superherojohn,JJBenzie,26,0
St33lbutcher,JJBenzie,26,0
JJBenzie,St33lbutcher,1,0
MaxSupernova,JJBenzie,26,0
[deleted],JJBenzie,26,0
paterfamilias78,plank831,33,0
St33lbutcher,paterfamilias78,18,0
paterfamilias78,St33lbutcher,2,0
St33lbutcher,paterfamilias78,2,0
paterfamilias78,St33lbutcher,1,0
St33lbutcher,paterfamilias78,1,0
paterfamilias78,St33lbutcher,1,0
St33lbutcher,paterfamilias78,1,0
CalibanDrive,plank831,33,0
mesocratic,CalibanDrive,3,0
CalibanDrive,mesocratic,1,0
viborg,plank831,33,0
bojslo,Markdd8,31,0
Diabolico,bojslo,12,0
Markdd8,Diabolico,9,0
LithiumEnergy,Markdd8,31,0
Uncle_Erik,LithiumEnergy,7,0
LithiumEnergy,Uncle_Erik,2,0
Scatcycle,LithiumEnergy,3,0
LithiumEnergy,Scatcycle,1,0
Seroton1n,LithiumEnergy,3,0
handshape,Markdd8,31,0
snwww,Markdd8,31,0
subcosm,snwww,2,0
Tedius,subcosm,3,0
GrenadeNation,Markdd8,31,0
[deleted],GrenadeNation,3,0
biznatch11,Markdd8,31,0
Scatcycle,Markdd8,31,0
72414dreams,Markdd8,31,0
hexalby,ramenmangaka,7,0
ramenmangaka,hexalby,3,0
Technotade,ramenmangaka,7,0
ramenmangaka,Technotade,2,0
digdilem,ramenmangaka,7,0
ramenmangaka,digdilem,2,0
TheQuips,ramenmangaka,7,0
ramenmangaka,TheQuips,2,0
_justpassingby_,ramenmangaka,7,0
ramenmangaka,_justpassingby_,2,0
Tetragramatron,ramenmangaka,7,0
Agnos,ramenmangaka,7,0
ramenmangaka,Agnos,1,0
Agnos,ramenmangaka,3,0
Cookie_Nation,Agnos,1,0
ramenmangaka,Cookie_Nation,3,0
ramenmangaka,Agnos,1,0
Agnos,ramenmangaka,2,0
ramenmangaka,Agnos,1,0
incredibleridiculous,ramenmangaka,1,0
Mimikomo,ramenmangaka,7,0
ramenmangaka,Mimikomo,1,0
Noctudeit,ramenmangaka,7,0
ramenmangaka,Noctudeit,1,0
Noctudeit,ramenmangaka,1,0
ramenmangaka,Noctudeit,1,0
Noctudeit,ramenmangaka,1,0
ramenmangaka,Noctudeit,1,0
Noctudeit,ramenmangaka,1,0
ramenmangaka,Noctudeit,1,0
Noctudeit,ramenmangaka,1,0
ramenmangaka,Noctudeit,1,0
somef00l,Noctudeit,1,0
skyderper13,ramenmangaka,7,0
gnudarve,Zebedayo,40,0
InanimateSensation,gnudarve,52,0
Borsody,gnudarve,52,0
gnudarve,Borsody,1,0
demonsquidgod,Zebedayo,40,0
Pentosin,demonsquidgod,14,0
_justpassingby_,Pentosin,10,0
Univorexia,Pentosin,10,0
Bogizley,demonsquidgod,14,0
thegryphonator,Zebedayo,40,0
Univorexia,thegryphonator,5,0
blue_strat,Zebedayo,40,0
saffir,Zebedayo,40,0
ShiverinMaTimbers,Zebedayo,40,0
crazyguitarman,Zebedayo,40,0
mellowmonk,Zebedayo,40,0
Epledryyk,Zebedayo,40,0
WikiTextBot,Epledryyk,1,0
shaveyourchin,Zebedayo,40,0
yesanything,Zebedayo,40,0
iamyouralterego,Zebedayo,40,0
Julian_rc,Zebedayo,40,0
auntieup,basc92,12,0
codebuster123,auntieup,6,0
_justpassingby_,basc92,12,0
mgale85,basc92,12,0
auntieup,mgale85,2,0
nukefudge,basc92,12,0
basc92,nukefudge,1,0
auntieup,basc92,2,0
basc92,auntieup,2,0
nukefudge,basc92,2,0
halberdierbowman,shallowblue,37,0
potverdorie,shallowblue,37,0
CalibanDrive,shallowblue,37,0
madcat033,shallowblue,37,0
MaxSupernova,madcat033,4,0
February30th,shallowblue,37,0
Dystaxia,February30th,5,0
WikiTextBot,Dystaxia,6,0
kobillabong,shallowblue,37,0
atomfullerene,CoolAmazingRedditGuy,19,0
[deleted],atomfullerene,11,0
Mattcwu,atomfullerene,11,0
deLamartine,CoolAmazingRedditGuy,19,0
CoolAmazingRedditGuy,deLamartine,4,0
biznatch11,CoolAmazingRedditGuy,19,0
Julian_rc,biznatch11,2,0
biznatch11,Julian_rc,2,0
Julian_rc,biznatch11,2,0
wmfeng007,Julian_rc,2,0
Provokyo,CoolAmazingRedditGuy,19,0
CalibanDrive,CoolAmazingRedditGuy,19,0
CoolAmazingRedditGuy,CalibanDrive,1,0
DylanVincent,CoolAmazingRedditGuy,19,0
davidfitzgibbon,negaB,3,0
thebatlab,negaB,3,0
kgriffen,negaB,3,0
[deleted],negaB,3,0
TheDonk1987,atheist1009,17,0
atheist1009,TheDonk1987,4,0
bkelly1984,atheist1009,17,0
atheist1009,bkelly1984,3,0
bkelly1984,atheist1009,1,0
atheist1009,bkelly1984,3,0
bkelly1984,atheist1009,2,0
kazarnowicz,bkelly1984,3,0
jawdirk,atheist1009,1,0
atheist1009,jawdirk,2,0
kazarnowicz,atheist1009,1,0
atheist1009,kazarnowicz,2,0
kazarnowicz,atheist1009,1,0
atheist1009,kazarnowicz,1,0
kazarnowicz,atheist1009,1,0
atheist1009,kazarnowicz,1,0
watcherof_theskies,atheist1009,17,0
atheist1009,watcherof_theskies,2,0
watcherof_theskies,atheist1009,2,0
atheist1009,watcherof_theskies,1,0
kazarnowicz,atheist1009,17,0
viborg,DankMemeMMA,13,0
rYuz4ki,viborg,7,0
viborg,rYuz4ki,3,0
fight_collector,DankMemeMMA,13,0
DankMemeMMA,fight_collector,5,0
fight_collector,DankMemeMMA,3,0
_justpassingby_,fight_collector,5,0
fight_collector,_justpassingby_,3,0
WikiTextBot,fight_collector,5,0
nukefudge,DankMemeMMA,13,0
fight_collector,DankMemeMMA,13,0
Brofistastic,DankMemeMMA,13,0
danielvutran,DankMemeMMA,13,0
jeffaloysius,DankMemeMMA,13,0
atheist1009,DankMemeMMA,13,0
ramenmangaka,Markdd8,24,0
rstcp,ramenmangaka,21,0
passwordgoeshere,rstcp,2,0
djsven,passwordgoeshere,3,0
[deleted],Markdd8,24,0
nukefudge,[deleted],15,0
wipeout4wh,Markdd8,24,0
demonsquidgod,Markdd8,24,0
Lilylac,Markdd8,24,0
Markdd8,Lilylac,-7,0
Lilylac,Markdd8,1,0
Markdd8,Lilylac,1,0
wipeout4wh,slappymcnutface,21,0
slappymcnutface,wipeout4wh,6,0
billdietrich1,slappymcnutface,21,0
slappymcnutface,billdietrich1,2,0
billdietrich1,slappymcnutface,0,0
St33lbutcher,slappymcnutface,21,0
MrOaiki,slappymcnutface,21,0
slappymcnutface,MrOaiki,1,0
MrOaiki,slappymcnutface,-1,0
slappymcnutface,MrOaiki,1,0
Regularity,slappymcnutface,21,0
slappymcnutface,Regularity,1,0
Regularity,slappymcnutface,-3,0
slappymcnutface,Regularity,1,0
Regularity,slappymcnutface,-1,0
slappymcnutface,Regularity,1,0
Anomander,slappymcnutface,-1,0
slappymcnutface,Anomander,1,0
Regularity,slappymcnutface,-1,0
slappymcnutface,Regularity,1,0
Anomander,slappymcnutface,-1,0
slappymcnutface,Anomander,1,0
META5THETIC,is_reddit_useful,28,0
is_reddit_useful,META5THETIC,3,0
META5THETIC,is_reddit_useful,3,0
is_reddit_useful,META5THETIC,2,0
META5THETIC,is_reddit_useful,3,0
SapienSaw,is_reddit_useful,28,0
is_reddit_useful,SapienSaw,2,0
yesanything,is_reddit_useful,28,0
nukefudge,is_reddit_useful,28,0
is_reddit_useful,nukefudge,3,0
nukefudge,is_reddit_useful,1,0
[deleted],21MerseysideRed,39,0
21MerseysideRed,[deleted],46,0
OMG_Ponies,21MerseysideRed,13,0
mincerray,OMG_Ponies,-17,0
felix1429,mincerray,38,0
OMG_Ponies,mincerray,38,0
neutron1,OMG_Ponies,-17,0
[deleted],neutron1,12,0
WhyNotJustTryInstead,OMG_Ponies,-17,0
coffeeaddicted,[deleted],46,0
mincerray,21MerseysideRed,39,0
Chilledlemming,mincerray,20,0
notwerby2,Chilledlemming,8,0
21MerseysideRed,mincerray,20,0
mincerray,21MerseysideRed,3,0
TheCenterOfEnnui,mincerray,5,0
21MerseysideRed,mincerray,5,0
mincerray,21MerseysideRed,5,0
Seroton1n,21MerseysideRed,3,0
raindogmx,21MerseysideRed,3,0
exosequitur,21MerseysideRed,3,0
erythro,exosequitur,0,0
exosequitur,erythro,2,0
erythro,exosequitur,1,0
exosequitur,erythro,1,0
mrrirri,exosequitur,0,0
exosequitur,mrrirri,2,0
mrrirri,exosequitur,0,0
exosequitur,mrrirri,1,0
mrrirri,exosequitur,1,0
exosequitur,mrrirri,1,0
mrrirri,exosequitur,2,0
mincerray,exosequitur,0,0
exosequitur,mincerray,1,0
Innerouterself,21MerseysideRed,39,0
TheCenterOfEnnui,21MerseysideRed,39,0
EdwinBongo,21MerseysideRed,39,0
mackduck,EdwinBongo,2,0
whyamisosoftinthemid,21MerseysideRed,39,0
hornwalker,21MerseysideRed,39,0
aught-o-mat,21MerseysideRed,39,0
boboliboliobli,21MerseysideRed,39,0
slappymcnutface,21MerseysideRed,39,0
[deleted],slappymcnutface,-1,0
slappymcnutface,[deleted],6,0
[deleted],slappymcnutface,-2,0
slappymcnutface,[deleted],3,0
[deleted],slappymcnutface,1,0
slappymcnutface,[deleted],5,0
[deleted],slappymcnutface,1,0
slappymcnutface,[deleted],3,0
[deleted],slappymcnutface,1,0
mackduck,slappymcnutface,1,0
CalibanDrive,pomnarain,19,0
pomnarain,CalibanDrive,16,0
CalibanDrive,pomnarain,2,0
[deleted],CalibanDrive,4,0
CalibanDrive,[deleted],3,0
JustMeRC,CalibanDrive,2,0
[deleted],CalibanDrive,4,0
countercat,CalibanDrive,4,0
nukefudge,CalibanDrive,16,0
CalibanDrive,nukefudge,2,0
nukefudge,CalibanDrive,3,0
draggonx,nukefudge,2,0
Seroton1n,nukefudge,2,0
Vroni2,CalibanDrive,16,0
JustMeRC,pomnarain,19,0
pomnarain,JustMeRC,3,0
JustMeRC,pomnarain,2,0
pomnarain,JustMeRC,3,0
EatThisShoe,pomnarain,19,0
pomnarain,EatThisShoe,3,0
countercat,pomnarain,1,0
PerpetuallyMeh,countercat,3,0
EatThisShoe,pomnarain,1,0
Seroton1n,pomnarain,1,0
Astronomer_X,pomnarain,19,0
pomnarain,Astronomer_X,1,0
Astronomer_X,pomnarain,1,0
pomnarain,Astronomer_X,1,0
Astronomer_X,pomnarain,1,0
auntieup,pomnarain,19,0
LovesAbusiveWomen,pomnarain,19,0
Phizee,pomnarain,19,0
pomnarain,Phizee,1,0
KrabbyMccrab,pomnarain,19,0
pomnarain,KrabbyMccrab,1,0
goqo,pomnarain,1,0
mrrirri,KrabbyMccrab,1,0
pomnarain,mrrirri,1,0
handshape,throwaway4eddit,44,0
throwaway4eddit,handshape,9,0
upward_bound,throwaway4eddit,44,0
kol13190,upward_bound,9,0
wyzaard,throwaway4eddit,44,0
throwaway4eddit,wyzaard,3,0
wyzaard,throwaway4eddit,1,0
throwaway4eddit,wyzaard,3,0
wyzaard,throwaway4eddit,1,0
Seroton1n,throwaway4eddit,1,0
throwaway4eddit,Seroton1n,1,0
asinine_qualities,throwaway4eddit,1,0
dave2daresqu,throwaway4eddit,44,0
ybmaza,throwaway4eddit,44,0
KULAKS_DESERVED_IT,DucoNihilum,103,0
ThatsBushLeague,KULAKS_DESERVED_IT,55,0
Neurolyte13,ThatsBushLeague,49,0
underbridge,Neurolyte13,16,0
shiny_and_chrome,ThatsBushLeague,49,0
naturalinfidel,ThatsBushLeague,49,0
KULAKS_DESERVED_IT,ThatsBushLeague,49,0
ericdevice,KULAKS_DESERVED_IT,55,0
KULAKS_DESERVED_IT,ericdevice,-1,0
ericdevice,KULAKS_DESERVED_IT,6,0
KULAKS_DESERVED_IT,ericdevice,0,0
ericdevice,KULAKS_DESERVED_IT,3,0
confetti27,DucoNihilum,103,0
wookieb23,confetti27,74,0
bowerjack,wookieb23,30,0
wookieb23,bowerjack,7,0
k9d,wookieb23,30,0
pastel-forest,confetti27,74,0
confetti27,pastel-forest,24,0
B-BoyStance,confetti27,32,0
pastel-forest,confetti27,32,0
stephnstuff,pastel-forest,24,0
underbridge,confetti27,74,0
[deleted],confetti27,74,0
YaDunGoofed,[deleted],20,0
Melseastar23,[deleted],20,0
stephnstuff,[deleted],20,0
that_all_you_got,[deleted],20,0
Coroxn,that_all_you_got,-5,0
bowerjack,confetti27,74,0
Coroxn,bowerjack,8,0
confetti27,bowerjack,8,0
bowerjack,confetti27,9,0
confetti27,bowerjack,0,0
YaDunGoofed,bowerjack,8,0
kerouacrimbaud,bowerjack,8,0
danielvutran,confetti27,74,0
gottabtru,danielvutran,5,0
DucoNihilum,danielvutran,5,0
confetti27,danielvutran,5,0
[deleted],danielvutran,5,0
viborg,[deleted],6,0
[deleted],viborg,11,0
viborg,[deleted],-2,0
[deleted],viborg,7,0
DucoNihilum,[deleted],-3,0
muthafuckabra,DucoNihilum,8,0
DucoNihilum,muthafuckabra,-2,0
underbridge,[deleted],-2,0
frankduxvandamme,danielvutran,5,0
tyrannus19,confetti27,74,0
PDK01,tyrannus19,2,0
tyrannus19,PDK01,2,0
PanditaExpress,DucoNihilum,103,0
[deleted],PanditaExpress,49,0
SillyIncantations,[deleted],36,0
Inostranetz,[deleted],36,0
mellowmonk,PanditaExpress,49,0
KULAKS_DESERVED_IT,PanditaExpress,49,0
DucoNihilum,KULAKS_DESERVED_IT,24,0
PDK01,KULAKS_DESERVED_IT,24,0
viborg,KULAKS_DESERVED_IT,24,0
drdoom52,viborg,-12,0
Coroxn,drdoom52,13,0
cluberti,Coroxn,5,0
kerouacrimbaud,Coroxn,5,0
lambroghinis,DucoNihilum,103,0
pastel-forest,lambroghinis,14,0
veritasius,DucoNihilum,103,0
gottabtru,DucoNihilum,103,0
DucoNihilum,gottabtru,5,0
KULAKS_DESERVED_IT,gottabtru,5,0
epik,DucoNihilum,103,0
YaDunGoofed,epik,17,0
kerouacrimbaud,YaDunGoofed,5,0
DucoNihilum,DucoNihilum,103,0
Borax,DucoNihilum,103,0
Landeyda,DucoNihilum,103,0
viborg,Landeyda,13,0
Landeyda,viborg,11,0
viborg,Landeyda,5,0
TofuTofu,viborg,11,0
that_all_you_got,viborg,11,0
wookieb23,Landeyda,13,0
Landeyda,wookieb23,2,0
sambalchuck,Landeyda,13,0
Medic7002,DucoNihilum,103,0
slappymcnutface,DucoNihilum,103,0
tiger1700,slappymcnutface,2,0
Peritract,DucoNihilum,103,0
shiny_and_chrome,Peritract,7,0
lambroghinis,Peritract,7,0
Peritract,lambroghinis,3,0
lambroghinis,Peritract,6,0
muthafuckabra,DucoNihilum,103,0
DucoNihilum,muthafuckabra,2,0
sooperdooperboi,DucoNihilum,103,0
CoolRunner,therealravenbaxter,6,0
PapaCheech,therealravenbaxter,6,0
samcobra,PapaCheech,2,0
namerson,PapaCheech,2,0
Aristox,therealravenbaxter,6,0
rjksn,-dudeomfgstfux-,42,0
_ReCover_,rjksn,33,0
[deleted],-dudeomfgstfux-,42,0
devilsadvocado,[deleted],7,0
viborg,[deleted],7,0
devilsadvocado,viborg,2,0
viborg,devilsadvocado,2,0
devilsadvocado,viborg,3,0
stanley_twobrick,-dudeomfgstfux-,42,0
-dudeomfgstfux-,stanley_twobrick,1,0
Coming_Soon,Ahvictoria,18,0
nerdgamergurl420,Ahvictoria,18,0
groundhogcakeday,Ahvictoria,18,0
CharmedConflict,groundhogcakeday,11,0
toxicchildren,Ahvictoria,18,0
groundhogcakeday,toxicchildren,0,0
toxicchildren,groundhogcakeday,0,0
groundhogcakeday,toxicchildren,2,0
wipeout4wh,Markdd8,19,0
SamsGotTheGravy,wipeout4wh,55,0
Julian_rc,SamsGotTheGravy,7,0
mrrirri,Markdd8,19,0
Smithium,Markdd8,19,0
MaxSupernova,Markdd8,19,0
lordkyl,Markdd8,19,0
handshape,Markdd8,19,0
15beast,handshape,-2,0
Markdd8,15beast,7,0
handshape,Markdd8,1,0
Markdd8,handshape,5,0
Anomander,Markdd8,-2,0
Markdd8,Anomander,8,0
handshape,15beast,7,0
15beast,handshape,0,0
handshape,15beast,6,0
deathtofascism1312,handshape,1,0
Octoty,SapienSaw,23,0
remphos,Octoty,12,0
Octoty,remphos,8,0
andr8009,Octoty,4,0
tdreager,andr8009,3,0
remphos,SapienSaw,23,0
softservepoobutt,SapienSaw,23,0
Brandeez0,SapienSaw,23,0
CalibanDrive,SapienSaw,23,0
nukefudge,SapienSaw,23,0
mrboombastic123,nukefudge,3,0
nukefudge,mrboombastic123,7,0
mrboombastic123,nukefudge,3,0
tdreager,nukefudge,3,0
nukefudge,tdreager,5,0
samlir,SapienSaw,23,0
develdevil,SapienSaw,23,0
TheRedGerund,SapienSaw,23,0
jerichojerry,Wisemd123,33,0
[deleted],jerichojerry,17,0
Wisemd123,[deleted],5,0
Wisemd123,jerichojerry,17,0
jerichojerry,Wisemd123,2,0
Wisemd123,jerichojerry,2,0
jawdirk,Wisemd123,33,0
Hessis,jawdirk,12,0
jawdirk,Hessis,3,0
Wisemd123,jawdirk,12,0
jawdirk,Wisemd123,1,0
Magical_cat_girl,jawdirk,2,0
G-42,Wisemd123,33,0
nerdgamergurl420,Wisemd123,33,0
Wisemd123,nerdgamergurl420,3,0
nukefudge,Wisemd123,33,0
[deleted],nukefudge,3,0
nukefudge,[deleted],2,0
[deleted],nukefudge,2,0
nukefudge,[deleted],2,0
Wisemd123,nukefudge,3,0
nukefudge,Wisemd123,1,0
mrphilip11,Wisemd123,33,0
Wisemd123,mrphilip11,5,0
mrphilip11,Wisemd123,1,0
G-42,mrphilip11,5,0
GU3MS,G-42,1,0
[deleted],Wisemd123,33,0
Wisemd123,[deleted],2,0
LimbicLogic,Wisemd123,33,0
Regularity,David_Bowies_Drugs,25,0
WikiTextBot,Regularity,16,0
RenaKunisaki,WikiTextBot,20,0
Thorusss,WikiTextBot,20,0
wookieb23,David_Bowies_Drugs,25,0
rummuds,wookieb23,13,0
guruscotty,wookieb23,13,0
dick_dangle,guruscotty,3,0
guruscotty,dick_dangle,6,0
dick_dangle,guruscotty,3,0
mrrirri,dick_dangle,4,0
dick_dangle,mrrirri,3,0
guruscotty,dick_dangle,4,0
caques,David_Bowies_Drugs,25,0
David_Bowies_Drugs,caques,5,0
caques,David_Bowies_Drugs,2,0
FelixP,caques,6,0
[deleted],David_Bowies_Drugs,25,0
David_Bowies_Drugs,[deleted],12,0
bluuit,David_Bowies_Drugs,25,0
data_wrangler,David_Bowies_Drugs,25,0
Bort74,data_wrangler,5,0
3th0s,David_Bowies_Drugs,25,0
d3rp_diggler,3th0s,3,0
3th0s,d3rp_diggler,1,0
FelixP,David_Bowies_Drugs,25,0
jashtonism,David_Bowies_Drugs,25,0
0xBA11,David_Bowies_Drugs,25,0
MaxSupernova,mo_rp,41,0
mo_rp,MaxSupernova,40,0
MaxSupernova,mo_rp,4,0
yesanything,MaxSupernova,40,0
dasding88,yesanything,1,0
freakwent,MaxSupernova,40,0
SnideJaden,mo_rp,41,0
Ynax,SnideJaden,22,0
andropogon09,mo_rp,41,0
mo_rp,andropogon09,18,0
I_RATE_HATS,mo_rp,7,0
ansong,mo_rp,41,0
groundhogcakeday,ansong,6,0
temporarycreature,mo_rp,41,0
[deleted],temporarycreature,3,0
temporarycreature,[deleted],1,0
mister_sleepy,mo_rp,41,0
freakwent,mo_rp,41,0
ips997,mo_rp,41,0
mo_rp,ips997,2,0
TheSubtleSaiyan,mo_rp,1,0
mo_rp,TheSubtleSaiyan,8,0
blue_strat,mo_rp,2,0
ips997,mo_rp,2,0
MaxSupernova,TheSubtleSaiyan,8,0
General_Shou,MaxSupernova,3,0
MaxSupernova,General_Shou,2,0
General_Shou,MaxSupernova,1,0
MaxSupernova,General_Shou,1,0
TheSubtleSaiyan,MaxSupernova,3,0
MaxSupernova,TheSubtleSaiyan,1,0
TheSubtleSaiyan,MaxSupernova,1,0
freakwent,mo_rp,1,0
biznatch11,mo_rp,41,0
whyamisosoftinthemid,mo_rp,41,0
AliceHouse,mo_rp,41,0
woahwoahwoahwoa,mo_rp,41,0
OngoTheCollector,mo_rp,41,0
fpvsoop,mo_rp,41,0
mo_rp,fpvsoop,2,0
Scientificgodsgalore,mo_rp,3,0
freakwent,mo_rp,3,0
WhyNotJustTryInstead,mo_rp,41,0
Prince_of_Loch_Ness,mo_rp,41,0
Hynjia,Prince_of_Loch_Ness,-5,0
Prince_of_Loch_Ness,Hynjia,0,0
mackduck,Markdd8,37,0
Markdd8,mackduck,24,0
amaxen,Markdd8,2,0
jrafferty,amaxen,3,0
mackduck,Markdd8,2,0
jrafferty,Markdd8,37,0
daneurl,Markdd8,37,0
Gantzz25,Markdd8,37,0
reddituser590,Markdd8,37,0
Neutral_Monk,reddituser590,3,0
Tshefuro,ajpappas21,34,0
blue_strat,ajpappas21,34,0
neodiogenes,ajpappas21,34,0
ajpappas21,neodiogenes,9,0
Meaninglessnme,ajpappas21,3,0
chinagreenelvis,neodiogenes,9,0
neodiogenes,chinagreenelvis,3,0
Boshaft,ajpappas21,34,0
luckysushi22,Boshaft,8,0
gorba,ajpappas21,34,0
Rebuta,ajpappas21,34,0
Sqeaky,ajpappas21,34,0
CausticCatalyst,ajpappas21,34,0
GrowingChaos,ajpappas21,34,0
digdilem,ajpappas21,34,0
reddituser590,reddituser590,29,0
adinel_,reddituser590,29,0
nukefudge,reddituser590,29,0
reddituser590,nukefudge,1,0
nukefudge,reddituser590,1,0
MakeTotalDestr0i,reddituser590,29,0
reddituser590,MakeTotalDestr0i,1,0
describingthesky,Markdd8,11,0
Canvaverbalist,describingthesky,7,0
idaell,Markdd8,11,0
cuppycakes514,idaell,8,0
GreyShuck,Markdd8,11,0
auntieup,Markdd8,11,0
cl3ft,Markdd8,11,0
freakwent,Markdd8,11,0
Zek996,Markdd8,11,0
bobbyfiend,Markdd8,11,0
k_182,ericxfresh,34,0
FlubDoodle,k_182,30,0
Duke_of_Moral_Hazard,FlubDoodle,5,0
Moxie42,ericxfresh,34,0
adinel_,Moxie42,16,0
Moxie42,adinel_,2,0
fight_collector,ericxfresh,34,0
ericxfresh,fight_collector,11,0
fight_collector,ericxfresh,2,0
ericxfresh,fight_collector,2,0
fight_collector,ericxfresh,3,0
freakwent,ericxfresh,2,0
jesseaknight,ericxfresh,34,0
Dhtwatkins,ericxfresh,34,0
FlubDoodle,ericxfresh,34,0
TheCenterOfEnnui,FlubDoodle,3,0
FlubDoodle,TheCenterOfEnnui,1,0
TheCenterOfEnnui,FlubDoodle,1,0
FlubDoodle,TheCenterOfEnnui,1,0
adinel_,FlubDoodle,3,0
dddonehoo,adinel_,1,0
FlubDoodle,dddonehoo,1,0
dddonehoo,FlubDoodle,2,0
adinel_,ericxfresh,34,0
Randomologist99,ericxfresh,34,0
LeonardoLemaitre,ericxfresh,34,0
softplaceformybrain,ericxfresh,34,0
OngoTheCollector,ericxfresh,34,0
corsair027,ericxfresh,34,0
PM_ME_SUM_SNATCH,dddonehoo,52,0
andr8009,PM_ME_SUM_SNATCH,31,0
PM_ME_SUM_SNATCH,andr8009,6,0
andr8009,PM_ME_SUM_SNATCH,6,0
mercury_smoothie,PM_ME_SUM_SNATCH,31,0
Dyltra,PM_ME_SUM_SNATCH,31,0
MomentsofEternity,dddonehoo,52,0
Tetragramatron,dddonehoo,52,0
dddonehoo,Tetragramatron,6,0
Tetragramatron,dddonehoo,1,0
azhark47,dddonehoo,52,0
Nabakin,azhark47,3,0
ericdevice,dddonehoo,52,0
CalibanDrive,dddonehoo,52,0
dddonehoo,CalibanDrive,3,0
WillyWonk1964,dddonehoo,52,0
ThatsBushLeague,DucoNihilum,35,0
Lost_Afropick,ThatsBushLeague,31,0
empyreandreams,DucoNihilum,35,0
[deleted],DucoNihilum,35,0
[deleted],[deleted],6,0
DucoNihilum,[deleted],6,0
permaculture,[deleted],6,0
DucoNihilum,permaculture,1,0
JeweliusCaesar,DucoNihilum,35,0
firegecko5,JeweliusCaesar,5,0
vvv1gor,DucoNihilum,35,0
shortstroll,vvv1gor,4,0
Drewskeet,DucoNihilum,35,0
DocTomoe,DucoNihilum,35,0
Uncle_Erik,DucoNihilum,35,0
DucoNihilum,Uncle_Erik,-5,0
ghiq,RayAP19,17,0
RayAP19,ghiq,7,0
permaculture,RayAP19,17,0
RayAP19,permaculture,5,0
EatsMeat,RayAP19,1,0
spoonraker,RayAP19,17,0
RayAP19,spoonraker,2,0
HuiOdy,RayAP19,17,0
deathtofascism1312,Markdd8,25,0
Markdd8,deathtofascism1312,8,0
8732664792,Markdd8,2,0
Markdd8,8732664792,2,0
deathtofascism1312,Markdd8,1,0
electricZits,Markdd8,2,0
deathtofascism1312,Markdd8,2,0
Markdd8,deathtofascism1312,1,0
deathtofascism1312,Markdd8,1,0
WikiTextBot,deathtofascism1312,1,0
Markdd8,deathtofascism1312,1,0
deathtofascism1312,Markdd8,1,0
Markdd8,deathtofascism1312,1,0
deathtofascism1312,Markdd8,1,0
Markdd8,deathtofascism1312,1,0
chassepo,Markdd8,25,0
exosequitur,Markdd8,25,0
Eridrus,exosequitur,3,0
exosequitur,Eridrus,7,0
Markdd8,Eridrus,7,0
Markdd8,exosequitur,3,0
groundhogcakeday,Markdd8,1,0
Markdd8,groundhogcakeday,2,0
staabc,exosequitur,3,0
yolakalemowa,Markdd8,25,0
Markdd8,yolakalemowa,1,0
[deleted],Markdd8,25,0
[deleted],[deleted],0,0
[deleted],[deleted],1,0
[deleted],[deleted],-1,0
STUFF2o,KoolaKing,0,0
mo_rp,STUFF2o,7,0
billdietrich1,KoolaKing,0,0
HuiOdy,KoolaKing,0,0
ReefaManiack42o,KoolaKing,0,0
blazezero25,KoolaKing,0,0
code_pie,ericxfresh,43,0
sobolewskiking2,code_pie,25,0
Trim345,ericxfresh,43,0
scifiking,ericxfresh,43,0
scifiking,ericxfresh,43,0
foxko,ericxfresh,43,0
scifiking,ericxfresh,43,0
coldwarkidding,scifiking,-4,0
Trim345,scifiking,-4,0
Britannicus,Trim345,-5,0
TheCenterOfEnnui,Trim345,-5,0
scifiking,Trim345,-5,0
Trim345,scifiking,-5,0
LovesAbusiveWomen,ericxfresh,43,0
krfslb,new_seeds,20,0
new_seeds,krfslb,6,0
OngoTheCollector,new_seeds,3,0
new_seeds,OngoTheCollector,1,0
nockinaround,new_seeds,1,0
new_seeds,nockinaround,1,0
gloushire,new_seeds,20,0
nockinaround,gloushire,2,0
ericxfresh,new_seeds,20,0
[deleted],atgomes19,8,0
atgomes19,[deleted],3,0
atomfullerene,atgomes19,3,0
reagor,atgomes19,8,0
lovesickremix,JorSum,26,0
remidemi,lovesickremix,14,0
Julian_rc,JorSum,26,0
AgitatedBadger,JorSum,26,0
RaeBee,JorSum,26,0
EmperorJake,JorSum,26,0
billdietrich1,JorSum,26,0
digdilem,JorSum,26,0
Yamochao,JorSum,26,0
exosequitur,SenorMicrodeer,3,0
DRUMSKIDOO,SenorMicrodeer,3,0
billdietrich1,DRUMSKIDOO,3,0
DRUMSKIDOO,billdietrich1,1,0
corsair027,SenorMicrodeer,3,0
billdietrich1,SenorMicrodeer,3,0
SenorMicrodeer,billdietrich1,-7,0
billdietrich1,SenorMicrodeer,3,0
zyzzvya,billdietrich1,0,0
billdietrich1,zyzzvya,2,0
