poster,respondingTo,ups
Starfish_Symphony,jafeelz,31
cacophonousdrunkard,Starfish_Symphony,3
Pacelek,cacophonousdrunkard,2
squu,jafeelz,31
TheQuips,jafeelz,31
Theharshcoldtruth,jafeelz,31
Musique_NotEvenOnce,jafeelz,31
viborg,jafeelz,31
jafeelz,viborg,1
viborg,jafeelz,1
jafeelz,viborg,1
kazarnowicz,jafeelz,31
incredibleridiculous,acadamianuts,4
grginge,acadamianuts,4
acadamianuts,grginge,4
STUFF2o,acadamianuts,4
Swabia,acadamianuts,4
opolaski,empiricaltheorist,34
myusernameranoutofsp,opolaski,21
opolaski,myusernameranoutofsp,2
fawnystorm,myusernameranoutofsp,2
Jake_91_420,opolaski,21
hollowed_sense,opolaski,21
showcase25,empiricaltheorist,34
Domi-chan,empiricaltheorist,34
ForerEffect,empiricaltheorist,34
ut_pictura,empiricaltheorist,34
ethermage,empiricaltheorist,34
larcherwriter,empiricaltheorist,34
viborg,empiricaltheorist,34
AnalLaser,viborg,1
viborg,AnalLaser,1
Pacelek,viborg,1
AnalLaser,viborg,1
hollowed_sense,empiricaltheorist,34
[deleted],empiricaltheorist,34
omfalos,empiricaltheorist,34
myusernameranoutofsp,omfalos,1
lodro,empiricaltheorist,17
white_crust_delivery,empiricaltheorist,17
viborg,white_crust_delivery,7
[deleted],white_crust_delivery,7
white_crust_delivery,[deleted],1
whalemind,empiricaltheorist,17
Wrest216,empiricaltheorist,17
idaell,empiricaltheorist,17
veragood,empiricaltheorist,17
EyeOfSol,empiricaltheorist,17
viborg,empiricaltheorist,17
empiricaltheorist,viborg,1
HandyAndy,ZeusThunder369,43
unusedthought,HandyAndy,44
HandyAndy,unusedthought,8
unusedthought,HandyAndy,9
TouchingWood,unusedthought,5
Pacelek,TouchingWood,6
TouchingWood,Pacelek,1
Swabia,HandyAndy,44
no-mad,Swabia,3
InerasableStain,ZeusThunder369,43
ZeusThunder369,InerasableStain,26
InerasableStain,ZeusThunder369,3
schmuckmulligan,ZeusThunder369,3
tryllion,ZeusThunder369,3
leviathanxs,ZeusThunder369,43
skullkid2424,ZeusThunder369,43
z5v2,ZeusThunder369,43
uber_kerbonaut,ZeusThunder369,43
nounhud,ZeusThunder369,43
ouroboro76,ZeusThunder369,43
UnicornPenguinCat,ZeusThunder369,43
hankbaumbach,ZeusThunder369,43
txstoploss,ZeusThunder369,43
Uhillbilly,ZeusThunder369,43
MaxSupernova,ZeusThunder369,5
Reddit_Cop_,ZeusThunder369,5
aprilrsmith,ZeusThunder369,5
chbenengeli,ZeusThunder369,5
catonmyshoulder69,ZeusThunder369,5
klol246,ZeusThunder369,5
vitaminsandmineral,ZeusThunder369,5
Little_Mouse,fawnystorm,54
KevZero,Little_Mouse,40
fawnystorm,Little_Mouse,40
Little_Mouse,fawnystorm,6
fawnystorm,Little_Mouse,8
Little_Mouse,fawnystorm,3
fawnystorm,Little_Mouse,5
Answermancer,fawnystorm,3
cl3ft,fawnystorm,6
WhyNotJustTryInstead,Little_Mouse,40
KidCasey,fawnystorm,54
temporarycreature,fawnystorm,54
lodro,fawnystorm,54
Pacelek,fawnystorm,54
Uhillbilly,fawnystorm,54
danielvutran,fawnystorm,54
chbenengeli,danielvutran,-4
combakovich,penn-and-paper,6
echoesoflies,penn-and-paper,6
etjasinski,penn-and-paper,6
penn-and-paper,etjasinski,2
etjasinski,penn-and-paper,1
danielvutran,penn-and-paper,6
[deleted],penn-and-paper,6
TheCenterOfEnnui,penn-and-paper,6
TheDonk1987,penn-and-paper,6
Uhillbilly,penn-and-paper,6
wishfulthinker3,penn-and-paper,6
larcherwriter,penn-and-paper,6
reluctant_qualifier,GreenFrog76,81
SpareLiver,reluctant_qualifier,45
nyhead,SpareLiver,9
SpareLiver,nyhead,9
[deleted],nyhead,9
naturalinfidel,SpareLiver,9
KevZero,reluctant_qualifier,45
TheBB,KevZero,3
reluctant_qualifier,KevZero,3
hankbaumbach,reluctant_qualifier,45
Le_Tarzan,hankbaumbach,3
hankbaumbach,Le_Tarzan,2
namegone,hankbaumbach,3
chbenengeli,reluctant_qualifier,45
waremi,GreenFrog76,81
charonn0,GreenFrog76,81
GreenFrog76,charonn0,11
charonn0,GreenFrog76,4
Aidtor,charonn0,2
fulgoray,Aidtor,2
Ziggysan,GreenFrog76,81
myusernameranoutofsp,GreenFrog76,81
Amablue,GreenFrog76,81
psychedelegate,GreenFrog76,81
Tetragonos,psychedelegate,2
psychedelegate,Tetragonos,3
Tetragonos,psychedelegate,1
psychedelegate,Tetragonos,2
Tetragonos,psychedelegate,1
Aidtor,GreenFrog76,81
manpreetaf,GreenFrog76,81
GreenFrog76,GreenFrog76,81
mushinnoshin,GreenFrog76,1
leadcarbonate,mushinnoshin,3
Dicfredo,leadcarbonate,2
GreenFrog76,mushinnoshin,3
Alexander_Hamilt0n,GreenFrog76,1
nmitchell076,Alexander_Hamilt0n,2
ImBoredLetsDebate,GreenFrog76,1
cl3ft,GreenFrog76,1
Aidtor,cl3ft,1
cl3ft,Aidtor,2
nmitchell076,cl3ft,1
cl3ft,nmitchell076,3
G-42,laurakatclark,56
caughtinahustle,G-42,27
G-42,caughtinahustle,14
RedheadsAreNinjas,caughtinahustle,14
JordanLeDoux,G-42,27
chuckquizmo,JordanLeDoux,20
TMA-3,JordanLeDoux,20
stanley_twobrick,G-42,27
thibedeauxmarxy,stanley_twobrick,4
stanley_twobrick,thibedeauxmarxy,1
thibedeauxmarxy,stanley_twobrick,1
stanley_twobrick,thibedeauxmarxy,1
drunk_kronk,G-42,27
TMA-3,drunk_kronk,2
[deleted],TMA-3,1
fastest_sloth,G-42,27
colin_staples,G-42,27
luminarium,laurakatclark,56
mmazing,luminarium,22
werak,luminarium,22
ABabyAteMyDingo,luminarium,22
mathers101,ABabyAteMyDingo,4
ABabyAteMyDingo,mathers101,0
serjykalstryke2,ABabyAteMyDingo,1
AliceHouse,ABabyAteMyDingo,4
DoctorDirtnasty,AliceHouse,-1
ABabyAteMyDingo,AliceHouse,-1
[deleted],ABabyAteMyDingo,2
Anomander,[deleted],-3
AliceHouse,Anomander,2
Anomander,AliceHouse,0
AliceHouse,Anomander,2
Anomander,AliceHouse,1
[deleted],AliceHouse,0
Anomander,[deleted],1
ABabyAteMyDingo,Anomander,2
[deleted],luminarium,22
SpiritWolfie,laurakatclark,56
ecclectic,SpiritWolfie,11
fouronenine,SpiritWolfie,11
ABabyAteMyDingo,SpiritWolfie,11
SpiritWolfie,ABabyAteMyDingo,2
gerrettheferrett,SpiritWolfie,11
SpiritWolfie,gerrettheferrett,1
hanarada,gerrettheferrett,1
gerrettheferrett,hanarada,1
hanarada,gerrettheferrett,2
RedheadsAreNinjas,laurakatclark,56
breadfag,RedheadsAreNinjas,4
mrmnder,breadfag,1
zombie_dbaseIV,laurakatclark,56
ABabyAteMyDingo,zombie_dbaseIV,28
AliceHouse,ABabyAteMyDingo,10
ABabyAteMyDingo,AliceHouse,10
tekalon,ABabyAteMyDingo,10
ABabyAteMyDingo,tekalon,4
davidfitzgibbon,tekalon,4
tekalon,davidfitzgibbon,0
[deleted],ABabyAteMyDingo,10
ABabyAteMyDingo,[deleted],2
[deleted],ABabyAteMyDingo,1
ABabyAteMyDingo,[deleted],2
[deleted],ABabyAteMyDingo,1
[deleted],[deleted],0
Anomander,[deleted],1
ABabyAteMyDingo,Anomander,2
wazoheat,ABabyAteMyDingo,10
ABabyAteMyDingo,wazoheat,1
Ladd_Pearson,ABabyAteMyDingo,10
darkrxn,Ladd_Pearson,-3
showcase25,zombie_dbaseIV,28
darkrxn,showcase25,1
showcase25,darkrxn,1
jrafferty,laurakatclark,56
G-42,jrafferty,17
E-Squid,G-42,0
jrafferty,G-42,0
iamiamwhoami,laurakatclark,56
ecclectic,iamiamwhoami,9
bowerjack,ecclectic,2
iamiamwhoami,ecclectic,2
ferae_naturae,laurakatclark,56
freakwent,ferae_naturae,1
ferae_naturae,freakwent,2
C3lder,laurakatclark,56
rorank,laurakatclark,56
BaldieLox,rorank,0
bowerjack,BaldieLox,9
[deleted],bowerjack,2
fewdea,laurakatclark,56
ravia,laurakatclark,56
G-42,ravia,0
[deleted],laurakatclark,56
fewdea,[deleted],-7
blue_strat,Plain_Bread,24
chilehead,blue_strat,8
blue_strat,chilehead,3
d20diceman,blue_strat,8
blue_strat,d20diceman,2
d20diceman,blue_strat,2
blue_strat,d20diceman,1
RuafaolGaiscioch,Plain_Bread,24
Plain_Bread,RuafaolGaiscioch,3
RuafaolGaiscioch,Plain_Bread,5
Teive,RuafaolGaiscioch,3
Plain_Bread,RuafaolGaiscioch,3
viborg,Plain_Bread,0
combakovich,RuafaolGaiscioch,3
ottawadeveloper,combakovich,1
jawdirk,Plain_Bread,24
blue_strat,jawdirk,4
jawdirk,blue_strat,1
blue_strat,jawdirk,1
jawdirk,blue_strat,1
blue_strat,jawdirk,1
jawdirk,blue_strat,1
blue_strat,jawdirk,1
jawdirk,blue_strat,1
blue_strat,jawdirk,1
Plain_Bread,blue_strat,1
OneirosLeMorte,Plain_Bread,24
Plain_Bread,OneirosLeMorte,1
SparkOfGlory,Plain_Bread,24
d20diceman,SparkOfGlory,1
SparkOfGlory,d20diceman,1
weydrinkerwey,Plain_Bread,24
chilehead,Plain_Bread,24
Plain_Bread,chilehead,1
Jonluw,Plain_Bread,24
belazaras,Plain_Bread,24
Plain_Bread,belazaras,1
catonmyshoulder69,Plain_Bread,24
drogian,Plain_Bread,24
Plain_Bread,drogian,1
drogian,Plain_Bread,4
Plain_Bread,drogian,1
drogian,Plain_Bread,1
Plain_Bread,drogian,1
drogian,Plain_Bread,0
Plain_Bread,drogian,1
combakovich,drogian,1
I_see_ISON,combakovich,1
Plain_Bread,I_see_ISON,1
I_see_ISON,Plain_Bread,1
Plain_Bread,I_see_ISON,1
combakovich,I_see_ISON,1
I_see_ISON,combakovich,1
combakovich,I_see_ISON,1
viborg,TheMoki,30
moist_damp_panties,TheMoki,30
TMA-3,moist_damp_panties,7
moist_damp_panties,TMA-3,2
A_Chimenti_O_Face,TheMoki,30
TheMoki,A_Chimenti_O_Face,7
A_Chimenti_O_Face,TheMoki,2
hollowed_sense,TheMoki,30
TheMoki,hollowed_sense,5
hollowed_sense,TheMoki,3
LostParader,hollowed_sense,1
hollowed_sense,LostParader,1
LostParader,hollowed_sense,1
Molecular_Machine,TheMoki,30
Captainpanda55,TheMoki,30
Mookite,TheMoki,30
TheMoki,Mookite,1
Mookite,TheMoki,1
TheMoki,Mookite,1
YouDoNotKnowMeAtAll,TheMoki,30
LimbicLogic,TheMoki,30
TheMoki,LimbicLogic,1
LimbicLogic,TheMoki,1
monk3yboy305,TheMoki,30
thesportsfiend,TheMoki,30
Anomander,abid96,26
HoldMeReddit,Anomander,16
Anomander,HoldMeReddit,12
abid96,Anomander,16
Anomander,abid96,2
abid96,Anomander,2
HoldMeReddit,Anomander,16
Nimted,abid96,26
abid96,Nimted,3
Epistaxis,abid96,26
abid96,Epistaxis,3
JIMMY_JAMES007,abid96,26
MaxSupernova,JIMMY_JAMES007,2
abid96,JIMMY_JAMES007,2
aught-o-mat,Nimted,39
BreakfastTomcat,aught-o-mat,77
HelperBot_,aught-o-mat,77
nounhud,aught-o-mat,77
pizzahedron,nounhud,2
nounhud,pizzahedron,1
pizzahedron,nounhud,1
aught-o-mat,nounhud,2
pizzahedron,aught-o-mat,77
aught-o-mat,pizzahedron,2
PM_ME_UR_YAOI_,aught-o-mat,77
reecereddit,aught-o-mat,77
MrB0mbastic,Nimted,39
cl3ft,MrB0mbastic,37
MrB0mbastic,cl3ft,6
draknir,MrB0mbastic,-4
MrB0mbastic,draknir,4
15beast,MrB0mbastic,-5
HORZWERKER,15beast,2
reecereddit,HORZWERKER,1
HORZWERKER,reecereddit,1
reecereddit,HORZWERKER,1
cl3ft,MrB0mbastic,-4
bobbyfiend,MrB0mbastic,37
Nimted,MrB0mbastic,37
MrB0mbastic,Nimted,13
jerog1,MrB0mbastic,22
MrB0mbastic,jerog1,20
jerog1,MrB0mbastic,8
grahamfreeman,jerog1,20
Nimted,grahamfreeman,8
foo_foo_the_snoo,Nimted,5
infested_,grahamfreeman,8
MrB0mbastic,jerog1,20
jerog1,MrB0mbastic,5
Krogg,jerog1,11
jerog1,Krogg,10
Nimted,Krogg,10
BilboT3aBagginz,jerog1,11
[deleted],MrB0mbastic,5
Krogg,[deleted],6
[deleted],Krogg,4
Superdudeo,MrB0mbastic,5
Nimted,Superdudeo,3
foo_foo_the_snoo,Superdudeo,3
mmazing,MrB0mbastic,5
bobbyfiend,MrB0mbastic,8
holomanga,MrB0mbastic,8
muthafuckabra,MrB0mbastic,22
WhyNotJustTryInstead,MrB0mbastic,22
Diabolico,WhyNotJustTryInstead,3
Nimted,MrB0mbastic,22
little_z,Nimted,7
chime,Nimted,39
e9r0q2eropqweopo,chime,13
chime,e9r0q2eropqweopo,8
HansonWK,Nimted,39
Nimted,HansonWK,5
HansonWK,Nimted,1
Nimted,HansonWK,3
HansonWK,Nimted,0
Nimted,HansonWK,2
[deleted],HansonWK,5
HansonWK,[deleted],0
BilboT3aBagginz,Nimted,39
Nimted,BilboT3aBagginz,18
cvb333,Nimted,12
Nimted,cvb333,1
cvb333,Nimted,1
Nimted,cvb333,1
cvb333,Nimted,1
jawdirk,BilboT3aBagginz,18
morgazmo99,Nimted,39
xHelpless,Nimted,39
Rebuta,Nimted,39
Nimted,Rebuta,9
Rebuta,Nimted,4
HansonWK,Rebuta,2
scobey,Nimted,39
omniamorous,scobey,3
OutSourcingJesus,Nimted,39
Dystaxia,Nimted,39
Nimted,Dystaxia,5
little_z,Nimted,39
HonoraryMancunian,little_z,2
Nimted,little_z,2
AnythingApplied,Nimted,39
shouzu,Nimted,39
Nimted,shouzu,2
bobbyfiend,Nimted,39
Nimted,bobbyfiend,2
bobbyfiend,Nimted,1
Nimted,bobbyfiend,2
myusernameranoutofsp,Nimted,39
Nimted,myusernameranoutofsp,2
redditdobro,Nimted,39
Nimted,redditdobro,1
redditdobro,Nimted,2
Nimted,redditdobro,1
TitaniumDreads,Nimted,39
detailz03,Nimted,39
Nimted,detailz03,1
detailz03,Nimted,1
Nimted,detailz03,1
jesseaknight,Nimted,39
Nimted,jesseaknight,1
jesseaknight,Nimted,1
infested_,jesseaknight,1
jesseaknight,infested_,1
travistravis,Nimted,39
shouzu,Nimted,39
Nimted,shouzu,1
shouzu,Nimted,1
WilliamTake,Nimted,39
Nimted,WilliamTake,1
Grandclosing,Nimted,39
Mimikomo,Nimted,39
Nimted,Mimikomo,1
hogger85,Nimted,3
Nimted,hogger85,1
hogger85,Nimted,1
RTQL8D,Nimted,39
Nimted,RTQL8D,0
jerog1,Nimted,2
Nimted,jerog1,2
RTQL8D,Nimted,2
whywhisperwhy,RTQL8D,2
RTQL8D,whywhisperwhy,1
Nimted,RTQL8D,1
RTQL8D,Nimted,1
jawdirk,belazaras,21
Teyar,belazaras,21
pizzahedron,Teyar,11
Teyar,pizzahedron,3
belazaras,pizzahedron,3
pizzahedron,belazaras,1
belazaras,pizzahedron,1
Gnagobert,Teyar,11
Teyar,Gnagobert,1
belazaras,Teyar,2
Teyar,belazaras,1
34813,belazaras,21
pizzahedron,34813,5
belazaras,pizzahedron,3
Flaming_Baklava,belazaras,1
pizzahedron,belazaras,1
belazaras,pizzahedron,2
Gnagobert,belazaras,21
belazaras,Gnagobert,2
Gnagobert,belazaras,2
belazaras,Gnagobert,1
spaceorcas,belazaras,21
EatsAll-InSight,belazaras,21
belazaras,EatsAll-InSight,1
Ace318,AnomalousMind,2
samwhiskey,penn-and-paper,0
Zulban,penn-and-paper,0
civgarth,penn-and-paper,36
myusernameranoutofsp,civgarth,19
civgarth,myusernameranoutofsp,4
Aristox,penn-and-paper,36
exosequitur,penn-and-paper,36
Ghandithegman,penn-and-paper,36
jawdirk,penn-and-paper,36
Aristox,jawdirk,2
jawdirk,Aristox,1
myusernameranoutofsp,penn-and-paper,36
Angelsomething,penn-and-paper,36
Aristox,Angelsomething,2
gjarreau,penn-and-paper,36
MaxSupernova,penn-and-paper,36
craigiest,penn-and-paper,36
MacNulty,penn-and-paper,36
LimbicLogic,penn-and-paper,36
kairisika,pizzabaconator,5
Maoman1,kairisika,17
ecclectic,kairisika,17
kairisika,ecclectic,1
myusernameranoutofsp,pizzabaconator,5
GoodAndBluts,myusernameranoutofsp,4
[deleted],pizzabaconator,5
myusernameranoutofsp,[deleted],2
fogno,pizzabaconator,5
Just_a_smartass,pizzabaconator,5
FreeKarmaReport,pizzabaconator,5
BottlesFreddy,pizzabaconator,5
pizzabaconator,BottlesFreddy,1
BottlesFreddy,pizzabaconator,1
-eagle73,pizzabaconator,5
Vinylismist,pizzabaconator,5
chinagreenelvis,pizzabaconator,5
earthgarden,pizzabaconator,5
YungTembo,pizzabaconator,5
Pacelek,pizzabaconator,5
Arturs1670,pizzabaconator,5
VWftw,Maoman1,22
Maoman1,VWftw,9
VWftw,Maoman1,2
Maoman1,VWftw,1
canadian_anarchist,Maoman1,1
VWftw,Maoman1,1
Maoman1,VWftw,3
VWftw,Maoman1,3
fogno,Maoman1,22
philipzeplin,Maoman1,22
Pacelek,Maoman1,22
caityschmitt,Maoman1,22
popman525,Maoman1,22
Mookite,penn-and-paper,32
Ghandithegman,Mookite,7
greencomet90,Ghandithegman,6
Pacelek,penn-and-paper,32
mackduck,penn-and-paper,32
Reddit_Cop_,penn-and-paper,32
greencomet90,penn-and-paper,32
bobbyfiend,penn-and-paper,32
handshape,penn-and-paper,32
[deleted],penn-and-paper,32
LimbicLogic,penn-and-paper,32
PokemonMasterX,penn-and-paper,32
cabridges,tyzbit,17
CNoTe820,cabridges,9
cabridges,CNoTe820,5
hogger85,tyzbit,17
liebereddit,hogger85,3
GoldenFalcon,liebereddit,1
hogger85,liebereddit,1
GoldenFalcon,hogger85,1
philipzeplin,chbenengeli,19
viborg,chbenengeli,19
spinfip,viborg,12
viborg,spinfip,10
spinfip,viborg,4
viborg,spinfip,2
earthwormjim91,chbenengeli,19
myusernameranoutofsp,chbenengeli,19
swearrengen,chbenengeli,19
Superherojohn,chbenengeli,19
slappymcnutface,dieyoufool3,27
dieyoufool3,slappymcnutface,1
SenatorCoffee,redditmaster55,5
redditmaster55,SenatorCoffee,1
SenatorCoffee,redditmaster55,1
chinagreenelvis,redditmaster55,5
redditmaster55,chinagreenelvis,1
Nimted,redditmaster55,5
redditmaster55,Nimted,1
cabridges,fogno,14
FleetwoodMatt,cabridges,14
cabridges,FleetwoodMatt,2
AhhTimmah,cabridges,4
cabridges,AhhTimmah,4
poopfaceone,fogno,14
BaldieLox,fogno,14
allADD,fogno,14
scobey,allADD,1
hornwalker,fogno,14
DINOSAUR_ACTUAL,hornwalker,1
Dontwearthatsock,hornwalker,1
InanimateSensation,fogno,14
ragingprostate,fogno,14
accelaboy,fogno,14
LimbicLogic,fogno,14
LestrangeGirl,fogno,14
Dontwearthatsock,fogno,14
omfalos,fogno,14
xinlo,omfalos,1
omfalos,xinlo,3
PersonOfInternets,fogno,14
[deleted],borgosanjacopo,26
blue_strat,[deleted],7
[deleted],blue_strat,1
yeeah_suree,borgosanjacopo,26
jafeelz,borgosanjacopo,26
[deleted],borgosanjacopo,26
nukefudge,borgosanjacopo,26
LockeSteerpike,Milkshaketurtle79,35
potverdorie,LockeSteerpike,36
NordicMind,LockeSteerpike,36
LockeSteerpike,NordicMind,3
yuckygross,Milkshaketurtle79,35
saffir,Milkshaketurtle79,35
exosequitur,saffir,3
samwhiskey,saffir,3
elverloho,saffir,3
MacNulty,Milkshaketurtle79,35
Ipsider,MacNulty,2
MacNulty,Ipsider,3
Ipsider,MacNulty,3
MacNulty,Ipsider,4
Ipsider,MacNulty,3
MacNulty,Ipsider,0
holomanga,MacNulty,0
Ipsider,MacNulty,0
MacNulty,Ipsider,1
Ipsider,MacNulty,4
LostParader,OC_maybe,32
OC_maybe,LostParader,19
LostParader,OC_maybe,2
1SweetChuck,OC_maybe,32
OC_maybe,1SweetChuck,10
TickTak,OC_maybe,1
OC_maybe,TickTak,3
TickTak,OC_maybe,2
ZanThrax,OC_maybe,32
OC_maybe,ZanThrax,8
werak,OC_maybe,32
OC_maybe,werak,4
bkelly1984,OC_maybe,32
nephlm,OC_maybe,32
HoldMeReddit,Nemoxan,33
Rappaccini,HoldMeReddit,17
ballzach,Nemoxan,33
[deleted],Nemoxan,33
OutSourcingJesus,[deleted],2
fubo,OutSourcingJesus,3
Rappaccini,[deleted],2
[deleted],Rappaccini,2
Rappaccini,[deleted],1
plzsendhalp,lonelady75,40
lonelady75,plzsendhalp,15
huktonfonix,lonelady75,10
ThePhenix,huktonfonix,8
huktonfonix,ThePhenix,1
plzsendhalp,lonelady75,10
lonelady75,plzsendhalp,8
plzsendhalp,lonelady75,3
lonelady75,plzsendhalp,5
cyn1cal_assh0le,lonelady75,2
lonelady75,cyn1cal_assh0le,2
cyn1cal_assh0le,lonelady75,2
lonelady75,cyn1cal_assh0le,1
holyfields-ear,plzsendhalp,5
plzsendhalp,holyfields-ear,1
utilly,lonelady75,3
NegativeGPA,plzsendhalp,8
plzsendhalp,NegativeGPA,1
NegativeGPA,plzsendhalp,1
cyn1cal_assh0le,plzsendhalp,15
Hynjia,lonelady75,40
lonelady75,Hynjia,9
OccupyGravelpit,lonelady75,3
lonelady75,OccupyGravelpit,1
OccupyGravelpit,lonelady75,1
Hynjia,lonelady75,3
lonelady75,Hynjia,1
Flaming_Baklava,lonelady75,3
Evsie,lonelady75,40
lonelady75,Evsie,2
Evsie,lonelady75,1
lonelady75,Evsie,3
Evsie,lonelady75,1
lonelady75,Evsie,2
Evsie,lonelady75,1
lonelady75,Evsie,1
Evsie,lonelady75,1
lonelady75,Evsie,1
Autobrot,lonelady75,40
8732664792,lonelady75,40
lonelady75,8732664792,6
LockeSteerpike,lonelady75,3
NegativeGPA,8732664792,6
lonelady75,NegativeGPA,1
nukefudge,lonelady75,40
lonelady75,nukefudge,1
nukefudge,lonelady75,1
lonelady75,nukefudge,1
nukefudge,lonelady75,1
lonelady75,nukefudge,1
nukefudge,lonelady75,1
lonelady75,nukefudge,1
cyn1cal_assh0le,lonelady75,1
nukefudge,cyn1cal_assh0le,1
nukefudge,lonelady75,1
lonelady75,nukefudge,1
cyn1cal_assh0le,nukefudge,1
nukefudge,cyn1cal_assh0le,1
cyn1cal_assh0le,lonelady75,40
Sparkiano,lonelady75,40
lonelady75,Sparkiano,1
Perplexed_Comment,lonelady75,40
lonelady75,Perplexed_Comment,1
Perplexed_Comment,lonelady75,1
lonelady75,Perplexed_Comment,1
[deleted],lonelady75,40
lonelady75,[deleted],1
[deleted],lonelady75,4
lonelady75,[deleted],2
[deleted],lonelady75,1
lonelady75,[deleted],2
[deleted],lonelady75,1
lonelady75,[deleted],2
lachalupacabrita,[deleted],1
lonelady75,lachalupacabrita,3
ravia,lonelady75,40
viborg,blue_strat,74
luminarium,blue_strat,74
billdietrich1,luminarium,27
Vinylismist,blue_strat,74
jackatman,blue_strat,74
sexbeast420,blue_strat,74
hopefullynotdumb,blue_strat,74
pustak,blue_strat,74
M_JPB,blue_strat,74
What_Is_X,blue_strat,74
billdietrich1,What_Is_X,2
What_Is_X,billdietrich1,1
billdietrich1,What_Is_X,1
What_Is_X,billdietrich1,2
billdietrich1,What_Is_X,1
What_Is_X,billdietrich1,1
billdietrich1,What_Is_X,1
Xelif,What_Is_X,1
What_Is_X,Xelif,1
billdietrich1,blue_strat,74
aboutpeak55196,blue_strat,74
TallahasseWaffleHous,blue_strat,74
inquiring__mind,blue_strat,74
ShiverinMaTimbers,blue_strat,74
merlinman75,blue_strat,74
blue_strat,blue_strat,74
Kirkayak,blue_strat,74
ChiefLoneWolf,blue_strat,74
holomanga,blue_strat,74
Grandclosing,blue_strat,74
Palentir,blue_strat,74
[deleted],blue_strat,74
the_unfinished_I,[deleted],0
billdietrich1,[deleted],0
[deleted],[deleted],0
MahJongK,[deleted],3
myusernameranoutofsp,blue_strat,74
chinagreenelvis,blue_strat,74
nicolaosq,blue_strat,74
[deleted],nicolaosq,0
Blazing_Speeed,blue_strat,74
Toptomcat,Blazing_Speeed,-2
earthwormjim91,Renegade_Meister,5
UndergroundLurker,earthwormjim91,12
exosequitur,UndergroundLurker,9
ridl,exosequitur,3
Renegade_Meister,earthwormjim91,12
earthwormjim91,Renegade_Meister,1
spinfip,earthwormjim91,7
staabc,Renegade_Meister,5
Renegade_Meister,staabc,12
radarplane,Renegade_Meister,2
WickWackLilJack,Renegade_Meister,5
eamonious,RayAP19,45
Actevious,eamonious,55
nonchalantpony,eamonious,55
Grandclosing,eamonious,55
Breepop,RayAP19,45
RayAP19,Breepop,14
ModernSociety,RayAP19,4
RayAP19,ModernSociety,2
Breepop,RayAP19,4
[deleted],RayAP19,45
RayAP19,[deleted],7
[deleted],RayAP19,5
RayAP19,[deleted],1
SnowTurdPie,RayAP19,1
[deleted],RayAP19,5
rumliegen,RayAP19,45
[deleted],RayAP19,45
kazarnowicz,[deleted],3
RayAP19,kazarnowicz,6
RayAP19,[deleted],3
[deleted],RayAP19,2
RayAP19,[deleted],2
myusernameranoutofsp,RayAP19,45
GoodAndBluts,RayAP19,45
eiliant,RayAP19,45
WhyNotJustTryInstead,RayAP19,45
UyhAEqbnp,RayAP19,45
LimbicLogic,RayAP19,45
nonchalantpony,RayAP19,45
Embe007,RayAP19,45
thewaffles,RayAP19,45
kazarnowicz,thewaffles,0
thewaffles,kazarnowicz,3
RayAP19,thewaffles,0
thewaffles,RayAP19,2
RayAP19,thewaffles,3
demolpolis,RayAP19,2
Ghandithegman,demolpolis,-1
handshape,Ghandithegman,2
omfalos,RayAP19,45
Arturs1670,mkp7747,28
chuckquizmo,mkp7747,28
-PM_ME_UR_SECRETS-,chuckquizmo,10
kaptainprice,mkp7747,28
[deleted],kaptainprice,3
nukefudge,[deleted],2
zenarcade3,[deleted],2
[deleted],zenarcade3,1
nukefudge,kaptainprice,3
chuckquizmo,kaptainprice,3
zenarcade3,chuckquizmo,1
[deleted],chuckquizmo,1
ASunCame,[deleted],-1
[deleted],ASunCame,6
[deleted],[deleted],0
SUPHAMSULU,[deleted],1
chuckquizmo,[deleted],-1
aa24577,mkp7747,28
benjavides,aa24577,2
aa24577,benjavides,3
benjavides,aa24577,1
nukefudge,mkp7747,28
-PM_ME_UR_SECRETS-,mkp7747,28
Btshftr,mkp7747,28
MarleneAbbott,mkp7747,28
ibuprofane,RayAP19,16
chinagreenelvis,n10w4,23
n10w4,chinagreenelvis,10
M_JPB,n10w4,1
gsp11137,n10w4,23
bigDean636,gsp11137,8
Anomander,gsp11137,8
gsp11137,Anomander,7
Anomander,gsp11137,1
n10w4,gsp11137,8
LimbicLogic,n10w4,23
n10w4,LimbicLogic,2
LimbicLogic,n10w4,1
Grandclosing,n10w4,23
n10w4,Grandclosing,2
Swazzoo,n10w4,23
n10w4,Swazzoo,1
doverthere,SayHiToB0b,2
viborg,doverthere,2
doverthere,viborg,1
Grandclosing,doverthere,1
doverthere,Grandclosing,1
Grandclosing,SayHiToB0b,2
zscan,SayHiToB0b,2
STUFF2o,SayHiToB0b,2
YOUARE_GREAT,LordofCindar420,7
exosequitur,YOUARE_GREAT,4
Bevelled,LordofCindar420,7
Tetragramatron,Bevelled,3
nerdquadrat,Tetragramatron,1
bojslo,LordofCindar420,7
LordofCindar420,bojslo,2
What_Is_X,LordofCindar420,7
myusernameranoutofsp,LordofCindar420,7
LordofCindar420,myusernameranoutofsp,2
Ghandithegman,LordofCindar420,2
Grandclosing,LordofCindar420,7
LordofCindar420,Grandclosing,2
freakwent,LordofCindar420,7
zscan,LordofCindar420,7
LordofCindar420,zscan,1
Ghandithegman,cleverusername86,7
chinagreenelvis,cleverusername86,7
UncleShags,cleverusername86,7
myusernameranoutofsp,UncleShags,3
UncleShags,myusernameranoutofsp,1
ReefaManiack42o,cleverusername86,7
Yourparkingmeeters,ReefaManiack42o,3
danielvutran,cleverusername86,7
[deleted],cleverusername86,7
english_major,blue_strat,57
slappymcnutface,english_major,35
[deleted],blue_strat,57
LotsOfMaps,[deleted],83
nomoneypenny,LotsOfMaps,36
justsaying0999,[deleted],83
chinagreenelvis,blue_strat,57
Ensurdagen,blue_strat,57
GoodAndBluts,blue_strat,57
[deleted],GoodAndBluts,10
GoodAndBluts,[deleted],12
jafeelz,blue_strat,57
english_major,blue_strat,57
slappymcnutface,english_major,14
english_major,slappymcnutface,29
eraserhill,blue_strat,57
supah_,blue_strat,57
milkvamp,blue_strat,57
gmano,milkvamp,4
intuition25,milkvamp,4
adamdangerfield,blue_strat,57
[deleted],blue_strat,57
savealltheelephants,[deleted],3
dont-blame-me,[deleted],3
Maoman1,dont-blame-me,7
dont-blame-me,Maoman1,5
Maoman1,dont-blame-me,2
dont-blame-me,Maoman1,3
HelperBot_,dont-blame-me,7
[deleted],HelperBot_,1
dont-blame-me,[deleted],-1
WhyNotJustTryInstead,blue_strat,57
Necrosis18,blue_strat,57
WhyYouLetRomneyWin,blue_strat,57
pattyalbro,blue_strat,57
TheQuips,blue_strat,57
mHo2,TheQuips,0
TheQuips,mHo2,1
theparadigm,blue_strat,57
supah_,theparadigm,0
G-42,blue_strat,57
[deleted],G-42,-10
Uncle_Erik,[deleted],15
[deleted],Uncle_Erik,-8
stmbtrev,[deleted],10
HonoraryMancunian,Uncle_Erik,-8
hagenbuch,JeremyJacobson,14
sporkafunk,JeremyJacobson,14
joonix,JeremyJacobson,14
Animal40160,JeremyJacobson,14
DocWattz,JeremyJacobson,14
katzenlurker,JeremyJacobson,14
jawdirk,JeremyJacobson,14
duckies_wild,DanPearce,44
AcidicBlink,duckies_wild,15
Emergency_Ward,DanPearce,44
GetOffMyBus,Emergency_Ward,20
daytickle,GetOffMyBus,3
GetOffMyBus,daytickle,1
Theharshcoldtruth,DanPearce,44
GetOffMyBus,Theharshcoldtruth,9
Ghandithegman,Theharshcoldtruth,9
CupMcCakers,Theharshcoldtruth,9
Theharshcoldtruth,CupMcCakers,-1
Jack_Truman,DanPearce,44
CraigOnReddit92,Jack_Truman,1
CredittoReddit1,Jack_Truman,1
_poh,DanPearce,44
GetOffMyBus,_poh,1
_poh,GetOffMyBus,1
Virtual-Karma,Twiisstt,23
bluen,Twiisstt,23
potverdorie,Twiisstt,23
MaxSupernova,Twiisstt,23
Tuathiar,Twiisstt,23
hankbaumbach,Tuathiar,43
Tuathiar,hankbaumbach,10
UndergroundLurker,Tuathiar,43
Miz_pizzyizz,Tuathiar,43
Tuathiar,Miz_pizzyizz,5
holomanga,Tuathiar,43
chuckquizmo,ZeusThunder369,41
ZeusThunder369,chuckquizmo,43
chuckquizmo,ZeusThunder369,7
Daynjazone,chuckquizmo,43
chuckquizmo,Daynjazone,3
chinagreenelvis,chuckquizmo,20
chuckquizmo,chinagreenelvis,6
chinagreenelvis,chuckquizmo,6
chuckquizmo,chinagreenelvis,3
cosmic_censor,chuckquizmo,4
chuckquizmo,cosmic_censor,3
JustMeRC,chuckquizmo,5
chinagreenelvis,chuckquizmo,4
SymbioticAnimal,chuckquizmo,4
Daynjazone,chuckquizmo,20
chuckquizmo,Daynjazone,1
[deleted],chuckquizmo,43
AntipodalBurrito,[deleted],-3
[deleted],AntipodalBurrito,2
AntipodalBurrito,[deleted],1
viborg,AntipodalBurrito,2
chuckquizmo,[deleted],-3
alwaysnoided,ZeusThunder369,41
What_Is_X,alwaysnoided,12
alwaysnoided,What_Is_X,1
What_Is_X,alwaysnoided,4
JustMeRC,What_Is_X,5
What_Is_X,JustMeRC,1
JustMeRC,What_Is_X,2
What_Is_X,JustMeRC,3
JustMeRC,What_Is_X,2
What_Is_X,JustMeRC,3
JustMeRC,What_Is_X,2
[deleted],ZeusThunder369,41
alwaysnoided,[deleted],5
straightline3,ZeusThunder369,41
constroyr,DylanVincent,62
Drexciyan_Spliff,constroyr,38
GreyShuck,DylanVincent,62
elverloho,DylanVincent,62
jawdirk,DylanVincent,62
supermatthew,DylanVincent,62
bobbyfiend,supermatthew,2
supermatthew,bobbyfiend,1
bobbyfiend,supermatthew,1
gam23788,DylanVincent,62
whyamisosoftinthemid,DylanVincent,62
SnideJaden,DylanVincent,62
danielvutran,DylanVincent,62
nobleman76,DylanVincent,62
oldshending,DylanVincent,62
CultureVulture629,DylanVincent,62
Tomas92,DylanVincent,62
CalmBeneathCastles,DylanVincent,62
Autobrot,DylanVincent,62
bobbyfiend,DylanVincent,62
someredditorguy,DylanVincent,62
TruckerJay,someredditorguy,0
UncleShags,empiricaltheorist,13
Willbo,empiricaltheorist,13
nukefudge,empiricaltheorist,13
alwaysnoided,empiricaltheorist,13
bikemanben,empiricaltheorist,13
exosequitur,empiricaltheorist,13
billdietrich1,JaySnippety,36
passwordgoeshere,billdietrich1,28
mushinnoshin,passwordgoeshere,11
passwordgoeshere,mushinnoshin,2
Tomas92,passwordgoeshere,11
wazoheat,billdietrich1,28
I_throw_socks_at_cat,JaySnippety,36
ent_bomb,JaySnippety,36
Pongpianskul,ent_bomb,12
Pongpianskul,JaySnippety,36
TruckerJay,Pongpianskul,10
Pongpianskul,TruckerJay,2
myusernameranoutofsp,JaySnippety,36
shibui_,JaySnippety,36
DamagedFreight,JaySnippety,36
JaySnippety,DamagedFreight,4
Lo2svin,JaySnippety,36
DamagedFreight,Lo2svin,3
Lo2svin,DamagedFreight,2
eiPhone,JaySnippety,36
Justkiddingimnotkid,JaySnippety,36
chinagreenelvis,JaySnippety,36
JaySnippety,chinagreenelvis,1
chinagreenelvis,JaySnippety,1
DamagedFreight,chinagreenelvis,1
chinagreenelvis,DamagedFreight,0
DamagedFreight,chinagreenelvis,1
chinagreenelvis,DamagedFreight,1
SenorGravy,JaySnippety,36
mischief_bravo,SenorGravy,1
atomfullerene,SenorGravy,1
nottraceable,JaySnippety,36
Smithium,JaySnippety,36
MrGuttFeeling,JaySnippety,36
alwaysnoided,franksinatraisbest,2
franksinatraisbest,alwaysnoided,2
alwaysnoided,franksinatraisbest,1
franksinatraisbest,alwaysnoided,1
alwaysnoided,franksinatraisbest,1
franksinatraisbest,alwaysnoided,1
alwaysnoided,franksinatraisbest,1
franksinatraisbest,alwaysnoided,1
alwaysnoided,franksinatraisbest,1
VWftw,franksinatraisbest,2
franksinatraisbest,VWftw,2
franksinatraisbest,VWftw,2
VWftw,franksinatraisbest,1
franksinatraisbest,VWftw,1
n10w4,franksinatraisbest,2
Anomander,WikiThreadThrowaway,4
WikiThreadThrowaway,Anomander,1
nerdgamergurl420,WikiThreadThrowaway,4
[deleted],SacredVoina,33
exosequitur,[deleted],43
billdietrich1,exosequitur,15
exosequitur,billdietrich1,4
billdietrich1,exosequitur,2
exosequitur,billdietrich1,2
billdietrich1,exosequitur,1
exosequitur,billdietrich1,1
billdietrich1,exosequitur,1
develdevil,[deleted],43
[deleted],develdevil,2
develdevil,[deleted],2
[deleted],develdevil,-4
MrJellly,[deleted],9
develdevil,[deleted],9
mrrirri,develdevil,-4
billdietrich1,[deleted],43
Aidtor,[deleted],43
[deleted],Aidtor,0
mrrirri,[deleted],3
Aidtor,[deleted],3
[deleted],SacredVoina,33
You-Can-Trust-Me,[deleted],13
billdietrich1,You-Can-Trust-Me,5
10z20Luka,[deleted],13
UpBoatDownBoy,[deleted],13
[deleted],SacredVoina,33
Anomander,[deleted],6
samwhiskey,SacredVoina,33
billdietrich1,samwhiskey,7
samwhiskey,billdietrich1,4
billdietrich1,samwhiskey,0
viborg,SacredVoina,33
Arturs1670,SacredVoina,33
exosequitur,Arturs1670,3
billdietrich1,Arturs1670,3
Arturs1670,billdietrich1,1
billdietrich1,Arturs1670,1
Grandclosing,SacredVoina,33
katzenlurker,SacredVoina,33
Uncle_Erik,SacredVoina,33
mrrirri,Uncle_Erik,1
billdietrich1,Uncle_Erik,1
tamayimpala,SacredVoina,33
saffir,tamayimpala,1
tamayimpala,saffir,4
saffir,tamayimpala,0
Raivyn_Redux,saffir,2
leemur,tamayimpala,1
mbrousseau,SacredVoina,33
Thr0wawayAccount378,mbrousseau,0
jawdirk,Thr0wawayAccount378,9
erythro,mbrousseau,0
k9d,SacredVoina,33
billdietrich1,k9d,1
k9d,billdietrich1,2
billdietrich1,k9d,1
nonchalantpony,SacredVoina,33
billdietrich1,nonchalantpony,-1
billdietrich1,SacredVoina,33
saffir,billdietrich1,-1
billdietrich1,saffir,2
Guhral,SacredVoina,33
exosequitur,Guhral,-3
jrafferty,exosequitur,2
exosequitur,jrafferty,1
jrafferty,exosequitur,1
exosequitur,jrafferty,1
billdietrich1,Guhral,-3
pwalters64,Grandclosing,44
billdietrich1,Grandclosing,44
verdatum,Grandclosing,44
Grandclosing,verdatum,6
Domriso,Grandclosing,44
Grandclosing,Domriso,4
2Fab4You,Domriso,4
Domriso,2Fab4You,1
LockeSteerpike,Grandclosing,44
Elek93,LockeSteerpike,2
LockeSteerpike,Elek93,2
goodweirdo,Grandclosing,44
LithiumEnergy,Grandclosing,44
DylanVincent,Iemaj,31
pladin517,Iemaj,31
lgastako,pladin517,9
pladin517,lgastako,3
mellowmonk,Iemaj,31
uber_kerbonaut,Iemaj,31
TheNoviceBodhisattva,Iemaj,31
Chakote,TheNoviceBodhisattva,2
TheNoviceBodhisattva,Chakote,1
Chakote,TheNoviceBodhisattva,1
TheNoviceBodhisattva,Chakote,2
Chakote,TheNoviceBodhisattva,1
TheNoviceBodhisattva,Chakote,1
sisyphist,Iemaj,31
chinagreenelvis,Iemaj,31
backyardstar,Iemaj,31
Hynjia,Iemaj,31
wizardnamehere,Iemaj,31
LimbicLogic,Iemaj,31
0hmm,Iemaj,31
katzenlurker,Iemaj,31
noreen-webster,Iemaj,31
LetsGoAllTheWhey,Iemaj,31
MrGuttFeeling,Iemaj,31
exosequitur,hankbaumbach,20
dryguy,hankbaumbach,20
jerog1,dryguy,20
Kantor48,dryguy,20
jerog1,hankbaumbach,20
[deleted],jerog1,6
jerog1,[deleted],2
im_not_afraid,hankbaumbach,20
Ghandithegman,hankbaumbach,20
exosequitur,Ghandithegman,6
TheQuips,hankbaumbach,20
hankbaumbach,TheQuips,5
TheQuips,hankbaumbach,3
hankbaumbach,TheQuips,1
SummerIsTheBest,hankbaumbach,20
hankbaumbach,SummerIsTheBest,2
exosequitur,SummerIsTheBest,2
millenial27,hankbaumbach,20
mandhirbhasin,hankbaumbach,20
sifumokung,hankbaumbach,20
[deleted],hankbaumbach,20
hankbaumbach,[deleted],0
strangenchanted,areyouasmoker,32
basicform,strangenchanted,30
EeeZeeEee,areyouasmoker,32
Apollo78,areyouasmoker,32
-eagle73,areyouasmoker,32
MarkThrowaway,areyouasmoker,32
XyloArch,MarkThrowaway,5
let_them_burn,areyouasmoker,32
10BV01,areyouasmoker,32
TheTransmutant,areyouasmoker,32
JustinJamm,areyouasmoker,32
[deleted],areyouasmoker,32
kairisika,[deleted],1
Throwaway1748u,areyouasmoker,32
Grandclosing,areyouasmoker,32
Anomander,PokemonMasterX,4
PokemonMasterX,Anomander,3
snwww,PokemonMasterX,-3
viborg,snwww,3
PokemonMasterX,snwww,3
0hmm,PokemonMasterX,4
Uncle_Erik,PokemonMasterX,4
OutSourcingJesus,breadispain,11
breadispain,OutSourcingJesus,42
BrotherChe,breadispain,6
OutSourcingJesus,breadispain,6
mellowmonk,OutSourcingJesus,42
SETHW,breadispain,11
breadispain,SETHW,15
octopuscat77,breadispain,2
breadispain,octopuscat77,0
[deleted],breadispain,11
breadispain,[deleted],4
LockeSteerpike,breadispain,11
ThereIRuinedIt,breadispain,11
deflateddoritodinks,breadispain,11
ravia,breadispain,11
breadispain,ravia,1
octopuscat77,breadispain,6
breadispain,octopuscat77,1
BlueSprite714,breadispain,11
jawdirk,toooopy,14
tygg3n,toooopy,14
Andybaby1,toooopy,14
Tedius,toooopy,14
toooopy,Tedius,2
Anomander,ZeusThunder369,0
alwaysnoided,Anomander,37
ryeguy146,alwaysnoided,6
alwaysnoided,ryeguy146,3
ryeguy146,alwaysnoided,3
alwaysnoided,ryeguy146,1
ryeguy146,alwaysnoided,2
alwaysnoided,ryeguy146,2
ryeguy146,alwaysnoided,2
alwaysnoided,ryeguy146,0
infiniteninjas,Anomander,37
TheMoki,infiniteninjas,0
ryeguy146,TheMoki,4
neutron1,Anomander,37
Anomander,neutron1,-4
faceymcgee,Anomander,37
corsair027,ZeusThunder369,0
Joke_Insurance,corsair027,3
[deleted],ZeusThunder369,0
LusoAustralian,[deleted],4
VThePeople,LusoAustralian,6
[deleted],VThePeople,1
VThePeople,[deleted],2
[deleted],VThePeople,3
VThePeople,[deleted],1
alwaysnoided,ZeusThunder369,0
Anomander,alwaysnoided,0
alwaysnoided,Anomander,-2
Anomander,alwaysnoided,-5
alwaysnoided,Anomander,4
Anomander,alwaysnoided,1
alwaysnoided,Anomander,2
Anomander,alwaysnoided,2
Jonluw,alwaysnoided,-5
alwaysnoided,Jonluw,-2
[deleted],ZeusThunder369,0
ICantProcessThis,ZeusThunder369,0
catonmyshoulder69,ZeusThunder369,0
billyo86,ZeusThunder369,0
panurge987,ZeusThunder369,0
I_love_BBQ,ZeusThunder369,0
ZeusThunder369,I_love_BBQ,0
I_love_BBQ,ZeusThunder369,3
[deleted],ZeusThunder369,0
Teyar,ZeusThunder369,0
Uncle_Erik,PhillipBrandon,33
Thaufas,Uncle_Erik,47
thetruthwsyf,Uncle_Erik,47
hogger85,Uncle_Erik,47
spotta,Uncle_Erik,47
UndergroundLurker,Uncle_Erik,47
ThatOneNinja,Uncle_Erik,47
jrandom,PhillipBrandon,33
billdietrich1,jrandom,63
tylerthehun,billdietrich1,4
billdietrich1,tylerthehun,3
iamiamwhoami,tylerthehun,3
tylerthehun,iamiamwhoami,0
Grandclosing,tylerthehun,1
TheCenterOfEnnui,jrandom,63
jrandom,TheCenterOfEnnui,7
[deleted],jrandom,47
jrandom,[deleted],1
Sakred,jrandom,8
FUCK_MAGIC,Sakred,0
Sakred,jrandom,47
Fatjedi007,TheCenterOfEnnui,7
PhillipBrandon,Fatjedi007,1
PhillipBrandon,jrandom,63
thatguyontheleft,jrandom,63
PhillipBrandon,PhillipBrandon,33
RXrenesis8,PhillipBrandon,7
billdietrich1,RXrenesis8,6
jesseaknight,billdietrich1,13
billdietrich1,jesseaknight,1
billdietrich1,PhillipBrandon,33
i_lack_imagination,PhillipBrandon,33
tyzbit,PhillipBrandon,33
DevilSaintDevil,PhillipBrandon,33
PhillipBrandon,PhillipBrandon,33
catonmyshoulder69,PhillipBrandon,33
[deleted],PhillipBrandon,33
Maoman1,[deleted],3
DevouredByCutePupper,Maoman1,7
Maoman1,DevouredByCutePupper,2
LawBot2016,Maoman1,4
xHelpless,[deleted],3
im_not_afraid,xHelpless,4
spotta,im_not_afraid,1
xHelpless,im_not_afraid,1
trumpeting_in_corrid,xHelpless,1
Spaturno,[deleted],3
What_Is_X,[deleted],3
WilliamTake,[deleted],3
_poh,PhillipBrandon,33
What_Is_X,_poh,1
_poh,What_Is_X,1
What_Is_X,_poh,3
PhillipBrandon,What_Is_X,1
What_Is_X,PhillipBrandon,1
lgastako,PhillipBrandon,33
Spaturno,PhillipBrandon,33
PhillipBrandon,PhillipBrandon,33
spotta,PhillipBrandon,33
BJHanssen,PhillipBrandon,33
ravia,PhillipBrandon,33
PhillipBrandon,ravia,1
ravia,PhillipBrandon,1
PittsburghJon,PhillipBrandon,33
trumpeting_in_corrid,PittsburghJon,-1
doverthere,PittsburghJon,-1
PittsburghJon,doverthere,1
doverthere,PittsburghJon,0
PittsburghJon,doverthere,3
doverthere,PittsburghJon,1
PittsburghJon,doverthere,2
doverthere,PittsburghJon,1
PittsburghJon,doverthere,2
doverthere,PittsburghJon,1
Epistaxis,NihiloZero,8
NihiloZero,Epistaxis,4
atomfullerene,NihiloZero,-1
NihiloZero,atomfullerene,4
atomfullerene,NihiloZero,0
NihiloZero,atomfullerene,2
atomfullerene,NihiloZero,0
NihiloZero,atomfullerene,2
atomfullerene,NihiloZero,0
NihiloZero,atomfullerene,2
groundhogcakeday,NihiloZero,8
NihiloZero,groundhogcakeday,2
groundhogcakeday,NihiloZero,1
NihiloZero,groundhogcakeday,1
groundhogcakeday,NihiloZero,1
NihiloZero,groundhogcakeday,2
groundhogcakeday,NihiloZero,1
NihiloZero,groundhogcakeday,2
groundhogcakeday,NihiloZero,1
NihiloZero,groundhogcakeday,2
[deleted],NihiloZero,8
NihiloZero,[deleted],1
billdietrich1,NihiloZero,8
NihiloZero,NihiloZero,8
Emergency_Ward,NihiloZero,0
argpara,SapienSaw,21
SapienSaw,argpara,7
cosmic_glimpse,argpara,7
KULAKS_DESERVED_IT,argpara,7
atomfullerene,KULAKS_DESERVED_IT,3
KULAKS_DESERVED_IT,atomfullerene,5
amkaro35,argpara,7
thatsnotmybike,SapienSaw,21
SapienSaw,thatsnotmybike,8
jerichojerry,SapienSaw,-1
drogian,SapienSaw,21
viborg,drogian,4
atomfullerene,viborg,2
viborg,atomfullerene,2
META5THETIC,viborg,1
SapienSaw,viborg,2
jerichojerry,SapienSaw,21
NuDru,jerichojerry,15
viborg,NuDru,10
[deleted],viborg,-1
archanos,jerichojerry,15
TerraKhan,SapienSaw,21
SapienSaw,TerraKhan,4
kairisika,SapienSaw,21
SapienSaw,kairisika,2
kairisika,SapienSaw,1
Palentir,SapienSaw,21
SapienSaw,Palentir,2
Gerstlauer,hexalby,20
hexalby,Gerstlauer,13
death2escape,hexalby,3
TheMoki,death2escape,2
OutSourcingJesus,hexalby,20
hexalby,OutSourcingJesus,8
OutSourcingJesus,hexalby,1
[deleted],hexalby,20
myusernameranoutofsp,[deleted],4
OutSourcingJesus,hexalby,20
hexalby,OutSourcingJesus,3
hankbaumbach,hexalby,20
shiningstar2079,shiningstar2077,33
JustMeRC,shiningstar2079,8
alwaysnoided,shiningstar2077,33
empyreandreams,shiningstar2077,33
flibblesticks,shiningstar2077,33
Cobnor2451,shiningstar2077,33
BaldieLox,shiningstar2077,33
ma22972,BaldieLox,1
BaldieLox,ma22972,1
snwww,shiningstar2077,33
bobbyfiend,shiningstar2077,33
Smithium,shiningstar2077,33
321,shiningstar2077,33
bigbear425,shiningstar2077,33
alwaysnoided,PhillipBrandon,4
atomfullerene,PhillipBrandon,4
alwaysnoided,atomfullerene,1
atomfullerene,alwaysnoided,1
STUFF2o,PhillipBrandon,4
alwaysnoided,STUFF2o,1
STUFF2o,alwaysnoided,1
alwaysnoided,STUFF2o,1
TheMoki,PhillipBrandon,4
zxlk21e,SapienSaw,36
a_wicky,SapienSaw,36
alwaysnoided,a_wicky,12
SapienSaw,a_wicky,12
a_wicky,SapienSaw,5
SapienSaw,a_wicky,2
a_wicky,SapienSaw,4
SapienSaw,a_wicky,2
a_wicky,SapienSaw,2
SapienSaw,a_wicky,1
alwaysnoided,SapienSaw,1
a_wicky,SapienSaw,1
noteric,SapienSaw,5
cosmic_glimpse,SapienSaw,5
tryagainbunny,a_wicky,12
Hynjia,SapienSaw,36
Smithium,Hynjia,6
alwaysnoided,Smithium,1
Smithium,alwaysnoided,4
alwaysnoided,Smithium,1
Smithium,alwaysnoided,2
alwaysnoided,Smithium,1
Smithium,alwaysnoided,1
alwaysnoided,Smithium,1
Noctudeit,SapienSaw,36
alwaysnoided,Noctudeit,3
Noctudeit,alwaysnoided,3
alwaysnoided,Noctudeit,1
OriginalName317,SapienSaw,36
alwaysnoided,OriginalName317,5
OriginalName317,alwaysnoided,2
SapienSaw,OriginalName317,5
alwaysnoided,SapienSaw,36
Smithium,SapienSaw,36
alx359,SapienSaw,36
alwaysnoided,alx359,1
alx359,alwaysnoided,3
alwaysnoided,alx359,1
alx359,alwaysnoided,1
alwaysnoided,alx359,1
alx359,alwaysnoided,1
alwaysnoided,alx359,1
alx359,alwaysnoided,1
alwaysnoided,alx359,1
TheMoki,GainzSnaps,13
[deleted],TheMoki,14
TheMoki,[deleted],2
GainzSnaps,TheMoki,14
alwaysnoided,GainzSnaps,13
mellowmonk,alwaysnoided,2
mellowmonk,GainzSnaps,13
viborg,GainzSnaps,13
samwhiskey,GainzSnaps,13
Dystaxia,BaldieLox,18
BaldieLox,Dystaxia,9
TheMoki,BaldieLox,3
BaldieLox,TheMoki,3
Borax,BaldieLox,18
Dangthesehavetobesma,BaldieLox,18
BaldieLox,Dangthesehavetobesma,1
Dangthesehavetobesma,BaldieLox,4
skyedemon,Dangthesehavetobesma,3
BaldieLox,Dangthesehavetobesma,3
will0700,Dangthesehavetobesma,1
Dangthesehavetobesma,will0700,3
bojslo,BaldieLox,18
BaldieLox,bojslo,0
Duling,leetang22,0
leetang22,Duling,10
Jake_91_420,leetang22,2
[deleted],Jake_91_420,3
Jake_91_420,[deleted],1
[deleted],Jake_91_420,3
Lets_focus_onRampart,leetang22,2
siac4,leetang22,0
leetang22,siac4,17
topperslover69,leetang22,2
leetang22,topperslover69,4
topperslover69,leetang22,1
StanguardRL,leetang22,2
LetsGoAllTheWhey,leetang22,2
clavicon,leetang22,0
topperslover69,leetang22,0
M0RALVigilance,leetang22,0
nukefudge,leetang22,0
Elek93,leetang22,0
leetang22,Elek93,6
Elek93,leetang22,0
[deleted],leetang22,0
computersmasher,leetang22,0
alwaysnoided,leetang22,0
drbanana9,leetang22,0
mellowmonk,admiralfifi,14
LithiumEnergy,admiralfifi,14
Raccoonpuncher,LithiumEnergy,2
popeyeq,admiralfifi,14
Uncle_Erik,admiralfifi,14
jerryFrankson,Uncle_Erik,-1
[deleted],jerryFrankson,6
jerryFrankson,[deleted],0
MoralEclipse,Uncle_Erik,-1
alwaysnoided,Uncle_Erik,-1
Theharshcoldtruth,hexalby,27
hexalby,Theharshcoldtruth,18
Theharshcoldtruth,hexalby,9
CalmQuit,hexalby,27
foo_foo_the_snoo,hexalby,27
drdoom52,hexalby,27
GreenFrog76,drdoom52,7
drdoom52,GreenFrog76,2
incredibleridiculous,hexalby,27
[deleted],incredibleridiculous,6
incredibleridiculous,[deleted],1
[deleted],incredibleridiculous,2
viborg,hexalby,27
hexalby,viborg,3
viborg,hexalby,1
dont-blame-me,hexalby,1
davidpbrown,hexalby,27
hexalby,davidpbrown,3
davidpbrown,hexalby,1
exosequitur,hexalby,27
flynnie789,hexalby,27
fish_ball,hexalby,27
craigiest,hexalby,27
PeculiarNed,hexalby,27
cowardlydragon,hexalby,27
Grandclosing,hexalby,27
4169726f6e,hexalby,27
BabyBlooSedan,hexalby,27
hornwalker,hexalby,27
hexalby,hornwalker,1
hornwalker,hexalby,1
SkyGrass,hexalby,27
alwaysnoided,greenbeans987,8
greenbeans987,alwaysnoided,3
alwaysnoided,greenbeans987,2
-eagle73,greenbeans987,8
[deleted],greenbeans987,8
Brandon2050,greenbeans987,8
remphos,greenbeans987,8
whats-wrong-with-u,greenbeans987,8
plank831,greenbeans987,8
ecclectic,yalmes,23
yalmes,ecclectic,3
ecclectic,yalmes,2
85percentcertain,yalmes,2
jawdirk,yalmes,23
incredibleridiculous,yalmes,23
jesseaknight,yalmes,23
yalmes,jesseaknight,1
maccam94,yalmes,1
jesseaknight,yalmes,1
rollie82,yalmes,23
nukefudge,yalmes,23
JD2MLIS,yalmes,23
earldbjr,idreamofspring,10
ronglangren,idreamofspring,10
i_lack_imagination,ronglangren,7
thesilentbang1776,idreamofspring,10
bumbletowne,idreamofspring,10
thesilentbang1776,bumbletowne,4
MrGuttFeeling,idreamofspring,10
Molecular_Machine,idreamofspring,10
fightoffyourdemons-,idreamofspring,10
Anomander,fightoffyourdemons-,2
BabyBlooSedan,idreamofspring,10
fwubglubbel,idreamofspring,10
bkelly1984,LazyNotStirred,30
LazyNotStirred,bkelly1984,15
bisensual,LazyNotStirred,30
bkelly1984,bisensual,7
bisensual,bkelly1984,7
bkelly1984,bisensual,2
GetOffMyBus,bisensual,7
Innerouterself,LazyNotStirred,30
bikewithoutafish,LazyNotStirred,30
mamajoysan,bikewithoutafish,3
bikewithoutafish,mamajoysan,1
mamajoysan,bikewithoutafish,2
bikewithoutafish,mamajoysan,1
mamajoysan,bikewithoutafish,2
bikewithoutafish,mamajoysan,0
mamajoysan,bikewithoutafish,2
bikewithoutafish,mamajoysan,1
mamajoysan,bikewithoutafish,2
liatach,LazyNotStirred,30
pelhamsim,LazyNotStirred,30
hornwalker,LazyNotStirred,30
LazyNotStirred,hornwalker,2
mamajoysan,LazyNotStirred,30
Crowmakeswing,mamajoysan,1
4169726f6e,LazyNotStirred,30
bsmac45,blue_strat,37
Quercusalba,bsmac45,9
chinagreenelvis,blue_strat,37
passwordgoeshere,chinagreenelvis,8
kevbat2000,blue_strat,37
joonix,kevbat2000,5
hexalby,blue_strat,37
WikiTextBot,hexalby,1
joonix,blue_strat,37
RainbowDinoshwar,lazykid,6
RXrenesis8,lazykid,6
_poh,lazykid,6
Mercenary79,lazykid,6
Anomander,lazykid,6
Jing0oo,Anomander,4
Anomander,Jing0oo,2
UndergroundLurker,lazykid,6
_mommabear_,lazykid,6
xlptu,lazykid,6
lazykid,xlptu,1
thebodymullet,lazykid,6
exosequitur,lazykid,6
[deleted],lazykid,6
mamajoysan,lazykid,6
[deleted],ZeusThunder369,23
tyzbit,[deleted],34
remidemi,tyzbit,5
jpsky,ZeusThunder369,23
JimmyMonet,jpsky,16
jtaulbee,JimmyMonet,22
[deleted],JimmyMonet,22
jpsky,JimmyMonet,22
mattkatzbaby,jpsky,1
jpsky,mattkatzbaby,6
mattkatzbaby,jpsky,3
TheCenterOfEnnui,ZeusThunder369,23
Daynjazone,ZeusThunder369,23
leviathanxs,ZeusThunder369,23
i_am_average_AMA,ZeusThunder369,23
All_men_are_brothers,ZeusThunder369,23
watcherof_theskies,All_men_are_brothers,6
commtheoryprof,All_men_are_brothers,6
All_men_are_brothers,commtheoryprof,15
futurespice,All_men_are_brothers,1
cl3ft,ZeusThunder369,23
unusedthought,ZeusThunder369,23
ZeusThunder369,unusedthought,1
Pickled_Ramaker,ZeusThunder369,23
ZeusThunder369,Pickled_Ramaker,1
the_ouskull,ZeusThunder369,23
ZeusThunder369,the_ouskull,1
watcherof_theskies,ZeusThunder369,1
[deleted],ZeusThunder369,1
ZeusThunder369,[deleted],1
uber_kerbonaut,ZeusThunder369,23
Uncle_Erik,ZeusThunder369,23
steauengeglase,Uncle_Erik,-1
MakeTotalDestr0i,_smartz,20
pwalters64,MakeTotalDestr0i,7
ShiverinMaTimbers,_smartz,20
_smartz,ShiverinMaTimbers,10
ShiverinMaTimbers,_smartz,2
LithiumEnergy,_smartz,20
[deleted],_smartz,20
Evsie,_smartz,20
_smartz,Evsie,2
viborg,_smartz,20
_smartz,viborg,3
viborg,_smartz,1
_smartz,viborg,1
viborg,_smartz,1
_smartz,viborg,3
TallahasseWaffleHous,_smartz,2
mellowmonk,_smartz,20
neztach,_smartz,20
_smartz,neztach,1
neztach,_smartz,1
venomoushealer,felisconcolour,23
felisconcolour,venomoushealer,12
someredditorguy,felisconcolour,3
MrGuttFeeling,felisconcolour,23
felisconcolour,MrGuttFeeling,12
FReakily,MrGuttFeeling,12
Mercenary79,felisconcolour,23
DoctorLawyer,felisconcolour,23
OldGentleBen,felisconcolour,23
felisconcolour,OldGentleBen,4
OldGentleBen,felisconcolour,1
tylerthehun,felisconcolour,23
dmberger,felisconcolour,23
rjksn,felisconcolour,23
Arturs1670,felisconcolour,23
doverthere,felisconcolour,23
FReakily,Dim-of-the-Yard,52
TheCenterOfEnnui,FReakily,11
bergini,TheCenterOfEnnui,9
TheCenterOfEnnui,bergini,2
viborg,Dim-of-the-Yard,52
Kelnam,viborg,24
META5THETIC,viborg,24
viborg,META5THETIC,1
zizmor,META5THETIC,1
TheCenterOfEnnui,zizmor,7
viborg,TheCenterOfEnnui,3
TheCenterOfEnnui,viborg,2
viborg,TheCenterOfEnnui,1
TheCenterOfEnnui,viborg,1
viborg,TheCenterOfEnnui,1
HelperBot_,viborg,1
WikiTextBot,viborg,1
TheCenterOfEnnui,viborg,1
saffir,zizmor,7
Masturbateur,viborg,24
viborg,Masturbateur,-1
Masturbateur,viborg,3
Pisoo,Dim-of-the-Yard,52
Mercenary79,Dim-of-the-Yard,52
zizmor,Mercenary79,3
Mercenary79,zizmor,6
bergini,Mercenary79,1
Mercenary79,bergini,1
bergini,Mercenary79,1
Mercenary79,bergini,1
zizmor,Mercenary79,1
Mercenary79,zizmor,1
Barley12,Mercenary79,3
atomfullerene,Dim-of-the-Yard,52
OldGentleBen,Dim-of-the-Yard,52
easyclarity,OldGentleBen,3
chinagreenelvis,Dim-of-the-Yard,52
Uncle_Erik,Dim-of-the-Yard,52
[deleted],Uncle_Erik,-1
Icarus_Invictus,JellyKaques,13
picasso_penis,Icarus_Invictus,9
Icarus_Invictus,picasso_penis,3
JellyKaques,Icarus_Invictus,9
[deleted],JellyKaques,13
thatscool22,JellyKaques,13
kingbluefin,JellyKaques,13
txstoploss,JellyKaques,13
nerdgamergurl420,JellyKaques,13
JellyKaques,nerdgamergurl420,0
Hyper440,JellyKaques,1
GetOffMyBus,JellyKaques,13
Icarus_Invictus,truedino,21
asinine_qualities,truedino,21
truedino,asinine_qualities,2
asinine_qualities,truedino,1
Britannicus,truedino,21
SweeetPotato,truedino,21
mnali,nilsmoody,7
Britannicus,mnali,7
nilsmoody,mnali,7
Britannicus,mnali,7
crocodile_in_denial,nilsmoody,7
rasputin1,crocodile_in_denial,3
Autobrot,rasputin1,2
WikiTextBot,Autobrot,3
Tendou,nilsmoody,7
theraaj,nilsmoody,7
tyzbit,theraaj,1
theraaj,tyzbit,1
fish_ball,nilsmoody,7
Schnippernyc,nilsmoody,7
comunistul,nilsmoody,7
nilsmoody,comunistul,1
comunistul,nilsmoody,2
nilsmoody,comunistul,1
comunistul,nilsmoody,2
nilsmoody,comunistul,1
comunistul,nilsmoody,2
TheMoki,SweeetPotato,75
Epistaxis,TheMoki,45
TheMoki,Epistaxis,19
Mr_Holmes,TheMoki,4
SweeetPotato,Epistaxis,19
[deleted],SweeetPotato,3
strangenchanted,[deleted],2
quix117,strangenchanted,6
TheMoki,quix117,2
strangenchanted,Epistaxis,19
SweeetPotato,strangenchanted,3
CNoTe820,strangenchanted,3
strangenchanted,CNoTe820,1
CNoTe820,strangenchanted,1
strangenchanted,CNoTe820,1
CNoTe820,strangenchanted,2
strangenchanted,CNoTe820,1
0xBA11,TheMoki,45
tdreager,0xBA11,7
CNoTe820,tdreager,3
SweeetPotato,TheMoki,45
kairisika,TheMoki,45
TheMoki,kairisika,1
Pickled_Ramaker,SweeetPotato,75
SweeetPotato,Pickled_Ramaker,55
PersonOfInternets,SweeetPotato,9
davidpbrown,PersonOfInternets,11
CaptainDudeGuy,Pickled_Ramaker,55
kairisika,CaptainDudeGuy,5
Coroxn,kairisika,3
[deleted],CaptainDudeGuy,5
PersonOfInternets,SweeetPotato,75
[deleted],PersonOfInternets,19
giant_potatos,SweeetPotato,75
bkelly1984,SweeetPotato,75
TheCenterOfEnnui,bkelly1984,10
bkelly1984,TheCenterOfEnnui,2
TheCenterOfEnnui,bkelly1984,5
bkelly1984,TheCenterOfEnnui,4
WikiTextBot,bkelly1984,5
[deleted],bkelly1984,10
bkelly1984,[deleted],2
HelperBot_,bkelly1984,2
74576480449124578456,SweeetPotato,75
PersonOfInternets,74576480449124578456,16
SweeetPotato,74576480449124578456,16
bkelly1984,74576480449124578456,16
Coroxn,bkelly1984,9
74576480449124578456,Coroxn,15
Coroxn,74576480449124578456,11
GoldenFalcon,Coroxn,6
Coroxn,GoldenFalcon,1
GoldenFalcon,Coroxn,6
[deleted],74576480449124578456,11
DietOfTheMind,[deleted],3
[deleted],DietOfTheMind,-1
DietOfTheMind,[deleted],4
quix117,DietOfTheMind,2
bkelly1984,74576480449124578456,11
avenlanzer,bkelly1984,-2
bkelly1984,avenlanzer,7
TheMoki,bkelly1984,-3
bkelly1984,TheMoki,9
quix117,bkelly1984,2
[deleted],bkelly1984,-3
bkelly1984,[deleted],6
quix117,bkelly1984,1
74576480449124578456,bkelly1984,-2
bkelly1984,74576480449124578456,5
bkelly1984,Coroxn,15
ChakraWC,bkelly1984,2
bkelly1984,ChakraWC,5
Epistaxis,bkelly1984,2
bkelly1984,Epistaxis,7
Epistaxis,bkelly1984,2
bkelly1984,Epistaxis,2
Epistaxis,bkelly1984,1
Coroxn,bkelly1984,2
agk23,Coroxn,2
bkelly1984,Coroxn,2
Coroxn,bkelly1984,1
DietOfTheMind,Coroxn,4
quix117,DietOfTheMind,2
DietOfTheMind,quix117,1
Coroxn,DietOfTheMind,2
DietOfTheMind,Coroxn,1
bkelly1984,Coroxn,4
Coroxn,bkelly1984,0
bkelly1984,Coroxn,5
avenlanzer,bkelly1984,1
bkelly1984,avenlanzer,-2
fightoffyourdemons-,bkelly1984,9
DietOfTheMind,74576480449124578456,16
tdreager,SweeetPotato,75
bkelly1984,tdreager,4
Spaturno,bkelly1984,10
bkelly1984,Spaturno,3
Spaturno,bkelly1984,3
bkelly1984,Spaturno,3
Spaturno,bkelly1984,1
tdreager,bkelly1984,10
SweeetPotato,tdreager,4
tdreager,SweeetPotato,2
Pickled_Ramaker,SweeetPotato,75
TheCenterOfEnnui,Pickled_Ramaker,8
hexalby,TheCenterOfEnnui,3
TheCenterOfEnnui,hexalby,4
hexalby,TheCenterOfEnnui,1
TheCenterOfEnnui,hexalby,1
hexalby,TheCenterOfEnnui,1
TheCenterOfEnnui,hexalby,1
hexalby,TheCenterOfEnnui,1
SweeetPotato,Pickled_Ramaker,8
hugababoo,SweeetPotato,75
SweeetPotato,hugababoo,2
hugababoo,SweeetPotato,2
SweeetPotato,hugababoo,2
[deleted],SweeetPotato,2
SweeetPotato,[deleted],2
uber_kerbonaut,SweeetPotato,75
nukefudge,SweeetPotato,75
SweeetPotato,nukefudge,1
nukefudge,SweeetPotato,2
SweeetPotato,nukefudge,1
nukefudge,SweeetPotato,2
SweeetPotato,nukefudge,1
tyzbit,SweeetPotato,32
AliceHouse,tyzbit,24
tyzbit,AliceHouse,7
dsbmac,SweeetPotato,32
AliceHouse,dsbmac,5
dsbmac,AliceHouse,2
bribsene0n,AliceHouse,2
nayeet,SweeetPotato,32
SweeetPotato,nayeet,4
nayeet,SweeetPotato,3
thewaffles,SweeetPotato,32
ignoranceisboring,SweeetPotato,32
AliceHouse,SweeetPotato,32
poopSNARE,SweeetPotato,32
amberdrake,nik_101,41
[deleted],amberdrake,54
Borax,[deleted],17
PixelTreason,amberdrake,54
hobbitdudesimon,PixelTreason,5
nik_101,amberdrake,54
Rbhadaur,amberdrake,54
Mercenary79,nik_101,41
Nummind,Mercenary79,24
Mercenary79,Nummind,18
Talpostal,Mercenary79,24
nik_101,Mercenary79,24
Mercenary79,nik_101,2
Patpgh84,Mercenary79,1
72414dreams,nik_101,41
Uncle_Erik,nik_101,41
sgt-brak,nik_101,41
I_done_a_plop-plop,nik_101,41
nik_101,I_done_a_plop-plop,5
Elanthius,I_done_a_plop-plop,5
G-42,nik_101,41
Chrighenndeter,G-42,3
jawdirk,nik_101,41
nik_101,jawdirk,7
jawdirk,nik_101,3
nik_101,jawdirk,22
jawdirk,nik_101,2
nik_101,jawdirk,3
billdietrich1,nik_101,41
nik_101,billdietrich1,3
Spaturno,billdietrich1,3
shahkabra,nik_101,41
GunsGermsAndSteel,nik_101,41
neostah,nik_101,41
[deleted],nik_101,41
Art9681,nik_101,41
Borax,Art9681,1
doverthere,nik_101,41
ZeusThunder369,nik_101,41
nik_101,ZeusThunder369,1
is_reddit_useful,nik_101,41
bribsene0n,nik_101,41
chinagreenelvis,hankbaumbach,52
billdietrich1,hankbaumbach,52
TheSpongeOfTheWorld,billdietrich1,5
billdietrich1,TheSpongeOfTheWorld,1
TheSpongeOfTheWorld,billdietrich1,2
billdietrich1,TheSpongeOfTheWorld,1
TheSpongeOfTheWorld,billdietrich1,2
Braxo,hankbaumbach,52
earldbjr,hankbaumbach,52
jerichojerry,earldbjr,8
earldbjr,jerichojerry,3
jerichojerry,earldbjr,1
earldbjr,jerichojerry,2
CalibanDrive,hankbaumbach,52
NoDadNotTheBelt,hankbaumbach,52
Bobby6kennedy,hankbaumbach,52
uber_kerbonaut,hankbaumbach,52
tdreager,uber_kerbonaut,2
JimmyMonet,hankbaumbach,52
hankbaumbach,JimmyMonet,0
JimmyMonet,hankbaumbach,3
hankbaumbach,JimmyMonet,3
Booty_Bumping,JimmyMonet,0
hankbaumbach,Booty_Bumping,1
OldBeercan,Markdd8,10
Markdd8,OldBeercan,10
Pickled_Ramaker,Markdd8,10
Jonluw,Markdd8,10
kazarnowicz,Markdd8,10
d-a-v-e-,Markdd8,10
Im_Fucking_Saying_It,d-a-v-e-,2
GaslightProphet,Markdd8,10
Brandeez0,Markdd8,10
Sixtydotnine,Markdd8,10
secrethookerman,Markdd8,10
Lunares,Markdd8,10
kazarnowicz,Lunares,1
HelperBot_,kazarnowicz,2
cigr,Markdd8,10
AnEpoxyToTheWorld,Markdd8,10
SuddenSeasons,AnEpoxyToTheWorld,-1
AnEpoxyToTheWorld,SuddenSeasons,7
Jonluw,AnEpoxyToTheWorld,-1
AnEpoxyToTheWorld,Jonluw,1
chinagreenelvis,SapienSaw,37
Poetoftherain,chinagreenelvis,23
BaldieLox,Poetoftherain,13
Barley12,Poetoftherain,13
chinagreenelvis,Poetoftherain,13
birkir,SapienSaw,37
SilentSocrates,SapienSaw,37
SapienSaw,SilentSocrates,8
SilentSocrates,SapienSaw,2
SapienSaw,SilentSocrates,3
BaldieLox,SapienSaw,1
SapienSaw,BaldieLox,1
aletoledo,SapienSaw,37
[deleted],SapienSaw,37
SapienSaw,[deleted],5
TelicAstraeus,SapienSaw,2
[deleted],SapienSaw,2
aeschenkarnos,[deleted],1
MaxSupernova,aeschenkarnos,1
ShiverinMaTimbers,SapienSaw,37
Brandeez0,SapienSaw,37
comunistul,SapienSaw,37
nukefudge,SapienSaw,37
TelicAstraeus,SapienSaw,37
Britannicus,SapienSaw,37
TelicAstraeus,Britannicus,-1
Superherojohn,Markdd8,24
bruce656,Superherojohn,9
TheNormalWoman,Markdd8,24
[deleted],TheNormalWoman,6
TheCenterOfEnnui,Markdd8,24
Markdd8,TheCenterOfEnnui,6
TheCenterOfEnnui,Markdd8,3
Malician,Markdd8,3
Markdd8,Malician,5
craigiest,Markdd8,3
[deleted],Markdd8,3
bkelly1984,Markdd8,24
[deleted],bkelly1984,2
kairisika,Markdd8,24
GeneFrenklesCowbell,Markdd8,24
nomad1987,Markdd8,24
Markdd8,nomad1987,1
nomad1987,Markdd8,1
FReakily,Markdd8,24
Sqeaky,new_seeds,14
Julian_rc,Sqeaky,23
Sqeaky,Julian_rc,2
Julian_rc,Sqeaky,8
RXrenesis8,Julian_rc,0
frankduxvandamme,Sqeaky,23
Sqeaky,frankduxvandamme,-4
frankduxvandamme,Sqeaky,4
Sqeaky,frankduxvandamme,5
frankduxvandamme,Sqeaky,1
Sqeaky,frankduxvandamme,1
billdietrich1,new_seeds,14
confetti27,new_seeds,14
cl3ft,confetti27,3
[deleted],new_seeds,14
GoodAndBluts,new_seeds,14
Britannicus,new_seeds,14
nukefudge,new_seeds,14
BabyBlooSedan,new_seeds,14
atomfullerene,new_seeds,14
Pickled_Ramaker,new_seeds,14
atomfullerene,Markdd8,20
Markdd8,atomfullerene,16
atomfullerene,Markdd8,1
[deleted],atomfullerene,25
Markdd8,atomfullerene,25
craigiest,Markdd8,1
Markdd8,craigiest,1
4481220325284136,Markdd8,1
Markdd8,4481220325284136,2
4481220325284136,Markdd8,1
craigiest,Markdd8,1
pbmonster,Markdd8,20
boob123456789,Markdd8,20
Markdd8,boob123456789,5
boob123456789,Markdd8,1
Markdd8,boob123456789,5
mackduck,Markdd8,20
popeyeq,Markdd8,20
TotesMessenger,Markdd8,20
zuesosaurus,darthaugustus,28
ecclectic,zuesosaurus,6
Brandeez0,ecclectic,6
[deleted],zuesosaurus,6
TheMadRyaner,darthaugustus,28
chinagreenelvis,darthaugustus,28
TheAshwin,darthaugustus,28
poopSNARE,TheAshwin,1
amkaro35,poopSNARE,1
mackduck,darthaugustus,28
[deleted],darthaugustus,28
sweetdee83,darthaugustus,28
Jonluw,DietDoctorGoat,36
zeptimius,DietDoctorGoat,36
bisensual,zeptimius,7
[deleted],bisensual,2
phfle1,DietDoctorGoat,36
Tetragonos,DietDoctorGoat,36
potverdorie,moderatelyfunctional,58
vimspot,potverdorie,39
potverdorie,vimspot,4
vimspot,potverdorie,3
potverdorie,vimspot,3
vimspot,potverdorie,5
zip_000,vimspot,4
KevZero,moderatelyfunctional,58
slutvomit,moderatelyfunctional,58
NobleKale,slutvomit,8
hexalby,slutvomit,8
slutvomit,hexalby,3
BruinsFan478,slutvomit,3
hexalby,BruinsFan478,0
BruinsFan478,hexalby,2
[deleted],slutvomit,8
TheAshwin,[deleted],2
Uncle_Erik,[deleted],2
atomfullerene,Uncle_Erik,1
[deleted],Uncle_Erik,1
hexalby,Uncle_Erik,1
pfft_sleep,moderatelyfunctional,58
kuromimi,moderatelyfunctional,58
viborg,moderatelyfunctional,58
FarmerGiles_,moderatelyfunctional,58
vmcreative,FarmerGiles_,1
RevisedMonk,moderatelyfunctional,58
jrafferty,rollie82,18
Sixtydotnine,jrafferty,30
[deleted],rollie82,18
EatThisShoe,rollie82,18
davidfitzgibbon,rollie82,18
rollie82,davidfitzgibbon,17
GoodAndBluts,rollie82,18
rollie82,GoodAndBluts,5
GoodAndBluts,rollie82,1
EugeneRider,rollie82,18
watcherof_theskies,EugeneRider,3
_youtubot_,EugeneRider,3
BaldieLox,rollie82,18
madcap462,rollie82,18
[deleted],rollie82,18
rollie82,[deleted],1
dazz4reddit,rollie82,18
TheCenterOfEnnui,rollie82,18
WhyNotJustTryInstead,rollie82,18
TooManyBlueShirts,WhyNotJustTryInstead,0
WhyNotJustTryInstead,TooManyBlueShirts,5
Anomander,WhyNotJustTryInstead,-1
WhyNotJustTryInstead,Anomander,1
Kim147,rollie82,18
TooManyBlueShirts,Kim147,-1
kairisika,ZeusThunder369,13
myusernameranoutofsp,ZeusThunder369,13
FReakily,myusernameranoutofsp,16
myusernameranoutofsp,FReakily,1
myusernameranoutofsp,FReakily,1
FReakily,myusernameranoutofsp,3
myusernameranoutofsp,FReakily,1
UndergroundLurker,ZeusThunder369,13
ZeusThunder369,UndergroundLurker,16
UndergroundLurker,ZeusThunder369,4
ZeusThunder369,UndergroundLurker,10
UndergroundLurker,ZeusThunder369,3
ZeusThunder369,UndergroundLurker,9
UndergroundLurker,ZeusThunder369,4
in00tj,UndergroundLurker,10
UndergroundLurker,in00tj,1
in00tj,UndergroundLurker,3
UndergroundLurker,in00tj,0
myusernameranoutofsp,ZeusThunder369,4
FReakily,ZeusThunder369,13
The27thS,ZeusThunder369,13
billdietrich1,ZeusThunder369,13
theredtelephone,ZeusThunder369,13
ZeusThunder369,theredtelephone,3
thatscool22,ZeusThunder369,5
ZeusThunder369,thatscool22,6
atomfullerene,ZeusThunder369,6
thatscool22,ZeusThunder369,6
atomfullerene,ZeusThunder369,13
AliceHouse,ZeusThunder369,13
Tetragonos,ZeusThunder369,13
technologyisnatural,ZeusThunder369,13
The27thS,technologyisnatural,0
nukefudge,Ampleton,26
34813,nukefudge,15
new_seeds,34813,3
Burkules,Ampleton,26
Data_Credits,Ampleton,26
Brandeez0,Ampleton,26
mookymix,SuperSmokio6420,24
TheMoki,mookymix,9
deathtofascism1312,SuperSmokio6420,24
I_RATE_HATS,SuperSmokio6420,24
Superherojohn,SuperSmokio6420,24
Britannicus,SuperSmokio6420,24
Sparkiano,Markdd8,40
Markdd8,Sparkiano,18
Sparkiano,Markdd8,2
Markdd8,Sparkiano,6
no-mad,Markdd8,40
Markdd8,no-mad,12
[deleted],Markdd8,40
Markdd8,[deleted],5
FamousLastNurse,Markdd8,40
Markdd8,FamousLastNurse,4
Innerouterself,Markdd8,40
Markdd8,Innerouterself,2
sporkafunk,Markdd8,40
Markdd8,sporkafunk,1
sporkafunk,Markdd8,3
Abadoobie,Markdd8,3
Markdd8,Abadoobie,1
Trumple_Thinskins,Markdd8,2
Markdd8,Trumple_Thinskins,4
Trumple_Thinskins,Markdd8,1
Markdd8,Trumple_Thinskins,0
Crlne_bot,Markdd8,2
Trumple_Thinskins,Markdd8,2
Markdd8,Trumple_Thinskins,1
AThousandTimesThis,Markdd8,40
Markdd8,AThousandTimesThis,1
viborg,KULAKS_DESERVED_IT,39
KULAKS_DESERVED_IT,viborg,15
viborg,KULAKS_DESERVED_IT,5
chinagreenelvis,KULAKS_DESERVED_IT,39
nukefudge,KULAKS_DESERVED_IT,39
KULAKS_DESERVED_IT,nukefudge,3
nukefudge,KULAKS_DESERVED_IT,2
Britannicus,nukefudge,1
nukefudge,Britannicus,2
Britannicus,nukefudge,2
nukefudge,Britannicus,2
blue_strat,KULAKS_DESERVED_IT,39
ReallySeriously78,KULAKS_DESERVED_IT,39
catonmyshoulder69,KULAKS_DESERVED_IT,39
woowoo293,catonmyshoulder69,2
mrmnder,catonmyshoulder69,2
MaxSupernova,KULAKS_DESERVED_IT,39
Xenocerebral,KULAKS_DESERVED_IT,39
Britannicus,Xenocerebral,1
Britannicus,KULAKS_DESERVED_IT,39
NegaByte,AFWUSA,43
AFWUSA,NegaByte,51
NegaByte,AFWUSA,7
eccarn,NegaByte,51
tdreager,NegaByte,51
Smithium,AFWUSA,43
WikiTextBot,Smithium,6
HughJorgens,AFWUSA,43
teachMe,HughJorgens,4
calmainyourass,teachMe,7
kerouacrimbaud,calmainyourass,1
Meaninglessnme,AFWUSA,43
AFWUSA,Meaninglessnme,2
Meaninglessnme,AFWUSA,1
viborg,AFWUSA,43
AFWUSA,viborg,1
shotleft,AFWUSA,43
farfigneugan,AFWUSA,43
[deleted],melopee,24
melopee,[deleted],6
viborg,[deleted],6
darkrxn,melopee,24
melopee,darkrxn,3
darkrxn,melopee,1
melopee,darkrxn,1
nukefudge,melopee,24
melopee,nukefudge,1
Igorcryr,melopee,24
Igorcryr,Igorcryr,1
AFWUSA,melopee,24
melopee,AFWUSA,-1
viborg,AFWUSA,-1
handshape,KrabbyMccrab,61
KrabbyMccrab,handshape,27
tryagainbunny,KrabbyMccrab,4
woowoo293,handshape,27
viborg,handshape,27
WarWeasle,KrabbyMccrab,61
pineapplesoup7,KrabbyMccrab,61
anotherwise,KrabbyMccrab,61
_hephaestus,KrabbyMccrab,61
UpBoatDownBoy,KrabbyMccrab,61
Tetragonos,KrabbyMccrab,61
RevisedMonk,KrabbyMccrab,61
KrabbyMccrab,RevisedMonk,1
uber_kerbonaut,KrabbyMccrab,61
actionman1983,KrabbyMccrab,61
Owlsdoom,lonelady75,45
namegone,Owlsdoom,23
lonelady75,Owlsdoom,23
foo_foo_the_snoo,lonelady75,0
[deleted],foo_foo_the_snoo,8
foo_foo_the_snoo,[deleted],0
underbridge,lonelady75,0
[deleted],underbridge,12
Raccoonpuncher,[deleted],-2
handshape,lonelady75,45
lonelady75,handshape,5
gazman00,lonelady75,5
cursethedarkness,lonelady75,5
WhyNotJustTryInstead,lonelady75,45
lonelady75,WhyNotJustTryInstead,2
corsair027,lonelady75,45
potverdorie,lonelady75,45
fwubglubbel,lonelady75,45
lonelady75,fwubglubbel,1
Raccoonpuncher,lonelady75,45
lonelady75,Raccoonpuncher,1
davidpbrown,lonelady75,45
lonelady75,davidpbrown,0
davidpbrown,lonelady75,3
thesmokingpants,davidpbrown,0
davidpbrown,thesmokingpants,1
Tetragonos,lonelady75,45
lonelady75,Tetragonos,0
Tetragonos,lonelady75,2
meridian_blue,passwordgoeshere,75
tdreager,meridian_blue,45
KULAKS_DESERVED_IT,tdreager,6
ABabyAteMyDingo,KULAKS_DESERVED_IT,1
KULAKS_DESERVED_IT,ABabyAteMyDingo,1
deathtofascism1312,KULAKS_DESERVED_IT,6
ABabyAteMyDingo,KULAKS_DESERVED_IT,6
KULAKS_DESERVED_IT,ABabyAteMyDingo,-1
Starklet,ABabyAteMyDingo,1
tdreager,ABabyAteMyDingo,1
AnythingApplied,meridian_blue,45
deathtofascism1312,passwordgoeshere,75
Poproc,passwordgoeshere,75
secrethookerman,Poproc,10
dankind,passwordgoeshere,75
passwordgoeshere,dankind,23
Innerouterself,passwordgoeshere,13
RawketPropelled,dankind,23
n0ah_fense,passwordgoeshere,75
viborg,n0ah_fense,32
Starklet,n0ah_fense,32
[deleted],n0ah_fense,32
KULAKS_DESERVED_IT,passwordgoeshere,75
Epledryyk,KULAKS_DESERVED_IT,6
[deleted],KULAKS_DESERVED_IT,6
viborg,KULAKS_DESERVED_IT,6
KULAKS_DESERVED_IT,viborg,-2
viborg,KULAKS_DESERVED_IT,6
chinagreenelvis,KULAKS_DESERVED_IT,6
Mattcwu,passwordgoeshere,75
passwordgoeshere,Mattcwu,2
fwubglubbel,passwordgoeshere,75
mooserider2,Zelduuhh,33
TheRedGerund,mooserider2,17
mooserider2,TheRedGerund,-3
TheRedGerund,mooserider2,4
mooserider2,TheRedGerund,-3
paterfamilias78,mooserider2,6
TheRedGerund,paterfamilias78,5
paterfamilias78,TheRedGerund,1
TheRedGerund,paterfamilias78,1
paterfamilias78,TheRedGerund,1
slappymcnutface,TheRedGerund,-3
72414dreams,TheRedGerund,-3
vvv1gor,mooserider2,17
mooserider2,vvv1gor,-15
vvv1gor,mooserider2,9
mooserider2,vvv1gor,-19
TheRedGerund,mooserider2,11
mooserider2,TheRedGerund,1
vvv1gor,mooserider2,11
mooserider2,vvv1gor,-8
vvv1gor,mooserider2,10
[deleted],vvv1gor,-4
IMADV8,[deleted],5
vvv1gor,[deleted],5
IMADV8,vvv1gor,-8
[deleted],vvv1gor,-19
holomanga,vvv1gor,-15
Coroxn,vvv1gor,-15
YosserHughes,Zelduuhh,33
to_pass_time,YosserHughes,6
nukefudge,Zelduuhh,33
Zelduuhh,nukefudge,3
nukefudge,Zelduuhh,1
[deleted],Zelduuhh,1
72414dreams,nukefudge,3
nukefudge,72414dreams,1
72414dreams,nukefudge,1
nukefudge,72414dreams,1
72414dreams,nukefudge,1
nukefudge,72414dreams,2
72414dreams,nukefudge,1
nukefudge,72414dreams,2
72414dreams,nukefudge,1
to_pass_time,Zelduuhh,33
tommy7154,Zelduuhh,33
KevinMack25,Zelduuhh,33
Lyzl,Zelduuhh,33
72414dreams,Zelduuhh,33
vvv1gor,Zelduuhh,33
mooserider2,vvv1gor,1
vvv1gor,mooserider2,2
mooserider2,vvv1gor,1
vvv1gor,mooserider2,1
mooserider2,vvv1gor,1
derekp23,Zelduuhh,33
ouroboro76,Zelduuhh,33
catonmyshoulder69,Zelduuhh,33
Sqeaky,Zelduuhh,33
kairisika,Zelduuhh,33
321,Zelduuhh,33
uber_kerbonaut,Zelduuhh,33
tyzbit,Milkshaketurtle79,29
[deleted],tyzbit,8
tyzbit,[deleted],2
Mattcwu,Milkshaketurtle79,29
aa24577,Mattcwu,11
Mattcwu,aa24577,1
aa24577,Mattcwu,3
Krischan76,aa24577,2
Sqeaky,aa24577,2
aa24577,Sqeaky,1
Sqeaky,aa24577,1
aa24577,Sqeaky,1
Sqeaky,aa24577,1
aa24577,Sqeaky,1
Sqeaky,aa24577,1
aa24577,Sqeaky,2
Sqeaky,aa24577,1
aa24577,Sqeaky,1
SpiritWolfie,Milkshaketurtle79,29
Milkshaketurtle79,SpiritWolfie,3
octo842,Milkshaketurtle79,1
SpiritWolfie,Milkshaketurtle79,1
zeptimius,Milkshaketurtle79,29
HelperBot_,zeptimius,4
zeptimius,HelperBot_,1
GoodBot_BadBot,zeptimius,1
WikiTextBot,zeptimius,4
mooserider2,Milkshaketurtle79,29
KevZero,mooserider2,3
MrOaiki,Milkshaketurtle79,29
mellowmonk,Milkshaketurtle79,29
[deleted],Milkshaketurtle79,29
WikiTextBot,[deleted],1
gnudarve,Milkshaketurtle79,29
TheMoki,AFWUSA,30
85percentcertain,TheMoki,19
fuckin_username,TheMoki,19
TheMoki,fuckin_username,1
fuckin_username,TheMoki,3
Seroton1n,fuckin_username,0
[deleted],TheMoki,19
mackduck,AFWUSA,30
alwaysnoided,AFWUSA,30
MaxSupernova,AFWUSA,30
catonmyshoulder69,Markdd8,38
uber_kerbonaut,catonmyshoulder69,30
catonmyshoulder69,uber_kerbonaut,3
digdilem,catonmyshoulder69,30
catonmyshoulder69,digdilem,1
hyperblaster,Markdd8,38
vagijn,hyperblaster,6
davidpbrown,Markdd8,38
HeyT00ts11,Markdd8,38
Uncle_Erik,Markdd8,38
iheartvintage,uber_kerbonaut,17
uber_kerbonaut,iheartvintage,3
YaDunGoofed,uber_kerbonaut,17
selementar,YaDunGoofed,3
vvv1gor,selementar,2
YaDunGoofed,vvv1gor,1
TheOtherTulpa,QuanHitter,20
QuanHitter,TheOtherTulpa,13
Sqeaky,QuanHitter,3
QuanHitter,Sqeaky,7
Sqeaky,QuanHitter,3
QuanHitter,Sqeaky,2
qvrjuec,QuanHitter,1
QuanHitter,qvrjuec,1
qvrjuec,QuanHitter,1
TheOtherTulpa,QuanHitter,3
jawdirk,QuanHitter,20
handshape,QuanHitter,20
jrandom,QuanHitter,20
jawdirk,jrandom,2
jrandom,jawdirk,1
MaxSupernova,PhillipBrandon,18
uber_kerbonaut,MaxSupernova,8
MaxSupernova,uber_kerbonaut,2
Smithium,PhillipBrandon,18
uber_kerbonaut,Smithium,3
nukefudge,PhillipBrandon,18
uber_kerbonaut,PhillipBrandon,18
uber_kerbonaut,PhillipBrandon,18
davidpbrown,PhillipBrandon,18
PhillipBrandon,davidpbrown,1
davidpbrown,PhillipBrandon,0
[deleted],poopSNARE,19
CNoTe820,[deleted],8
gmoney8869,CNoTe820,1
chinagreenelvis,poopSNARE,19
Occams-shaving-cream,poopSNARE,19
lawjic,poopSNARE,19
westcoastsunflower,lawjic,2
Sqeaky,poopSNARE,19
[deleted],poopSNARE,19
rakesuoh,[deleted],1
[deleted],rakesuoh,1
poopSNARE,[deleted],1
[deleted],poopSNARE,1
poopSNARE,[deleted],2
[deleted],poopSNARE,1
_poh,poopSNARE,19
poopSNARE,_poh,-8
Sqeaky,_poh,-8
PoopedYourPantz,eunoia_90,40
m0shim0shi,eunoia_90,40
BreakfastTomcat,m0shim0shi,15
[deleted],eunoia_90,40
salixara,[deleted],9
bisensual,eunoia_90,40
bob-leblaw,eunoia_90,40
Enez61,eunoia_90,40
dilatory_tactics,eunoia_90,40
MaxSupernova,eunoia_90,40
slappymcnutface,eunoia_90,40
nukefudge,eunoia_90,40
zeptimius,JJBenzie,26
META5THETIC,zeptimius,35
zeptimius,META5THETIC,11
chuckquizmo,zeptimius,3
zeptimius,chuckquizmo,1
plank831,JJBenzie,26
[deleted],plank831,7
duckies_wild,JJBenzie,26
billdietrich1,duckies_wild,5
Tetragramatron,duckies_wild,5
Yiin,JJBenzie,26
Tetragramatron,Yiin,9
Yiin,Tetragramatron,8
eosha,Yiin,9
Yiin,eosha,5
eosha,Yiin,1
[deleted],Yiin,9
Yiin,[deleted],3
[deleted],Yiin,1
Yiin,[deleted],1
eosha,Yiin,1
Superherojohn,JJBenzie,26
Tetragramatron,JJBenzie,26
lordkyl,JJBenzie,26
Tetragramatron,lordkyl,1
Superherojohn,JJBenzie,26
St33lbutcher,JJBenzie,26
JJBenzie,St33lbutcher,1
MaxSupernova,JJBenzie,26
[deleted],JJBenzie,26
paterfamilias78,plank831,33
St33lbutcher,paterfamilias78,18
paterfamilias78,St33lbutcher,2
St33lbutcher,paterfamilias78,2
paterfamilias78,St33lbutcher,1
St33lbutcher,paterfamilias78,1
paterfamilias78,St33lbutcher,1
St33lbutcher,paterfamilias78,1
CalibanDrive,plank831,33
mesocratic,CalibanDrive,3
CalibanDrive,mesocratic,1
viborg,plank831,33
bojslo,Markdd8,31
Diabolico,bojslo,12
Markdd8,Diabolico,9
LithiumEnergy,Markdd8,31
Uncle_Erik,LithiumEnergy,7
LithiumEnergy,Uncle_Erik,2
Scatcycle,LithiumEnergy,3
LithiumEnergy,Scatcycle,1
Seroton1n,LithiumEnergy,3
handshape,Markdd8,31
snwww,Markdd8,31
subcosm,snwww,2
Tedius,subcosm,3
GrenadeNation,Markdd8,31
[deleted],GrenadeNation,3
biznatch11,Markdd8,31
Scatcycle,Markdd8,31
72414dreams,Markdd8,31
hexalby,ramenmangaka,7
ramenmangaka,hexalby,3
Technotade,ramenmangaka,7
ramenmangaka,Technotade,2
digdilem,ramenmangaka,7
ramenmangaka,digdilem,2
TheQuips,ramenmangaka,7
ramenmangaka,TheQuips,2
_justpassingby_,ramenmangaka,7
ramenmangaka,_justpassingby_,2
Tetragramatron,ramenmangaka,7
Agnos,ramenmangaka,7
ramenmangaka,Agnos,1
Agnos,ramenmangaka,3
Cookie_Nation,Agnos,1
ramenmangaka,Cookie_Nation,3
ramenmangaka,Agnos,1
Agnos,ramenmangaka,2
ramenmangaka,Agnos,1
incredibleridiculous,ramenmangaka,1
Mimikomo,ramenmangaka,7
ramenmangaka,Mimikomo,1
Noctudeit,ramenmangaka,7
ramenmangaka,Noctudeit,1
Noctudeit,ramenmangaka,1
ramenmangaka,Noctudeit,1
Noctudeit,ramenmangaka,1
ramenmangaka,Noctudeit,1
Noctudeit,ramenmangaka,1
ramenmangaka,Noctudeit,1
Noctudeit,ramenmangaka,1
ramenmangaka,Noctudeit,1
somef00l,Noctudeit,1
skyderper13,ramenmangaka,7
gnudarve,Zebedayo,40
InanimateSensation,gnudarve,52
Borsody,gnudarve,52
gnudarve,Borsody,1
demonsquidgod,Zebedayo,40
Pentosin,demonsquidgod,14
_justpassingby_,Pentosin,10
Univorexia,Pentosin,10
Bogizley,demonsquidgod,14
thegryphonator,Zebedayo,40
Univorexia,thegryphonator,5
blue_strat,Zebedayo,40
saffir,Zebedayo,40
ShiverinMaTimbers,Zebedayo,40
crazyguitarman,Zebedayo,40
mellowmonk,Zebedayo,40
Epledryyk,Zebedayo,40
WikiTextBot,Epledryyk,1
shaveyourchin,Zebedayo,40
yesanything,Zebedayo,40
iamyouralterego,Zebedayo,40
Julian_rc,Zebedayo,40
auntieup,basc92,12
codebuster123,auntieup,6
_justpassingby_,basc92,12
mgale85,basc92,12
auntieup,mgale85,2
nukefudge,basc92,12
basc92,nukefudge,1
auntieup,basc92,2
basc92,auntieup,2
nukefudge,basc92,2
halberdierbowman,shallowblue,37
potverdorie,shallowblue,37
CalibanDrive,shallowblue,37
madcat033,shallowblue,37
MaxSupernova,madcat033,4
February30th,shallowblue,37
Dystaxia,February30th,5
WikiTextBot,Dystaxia,6
kobillabong,shallowblue,37
atomfullerene,CoolAmazingRedditGuy,19
[deleted],atomfullerene,11
Mattcwu,atomfullerene,11
deLamartine,CoolAmazingRedditGuy,19
CoolAmazingRedditGuy,deLamartine,4
biznatch11,CoolAmazingRedditGuy,19
Julian_rc,biznatch11,2
biznatch11,Julian_rc,2
Julian_rc,biznatch11,2
wmfeng007,Julian_rc,2
Provokyo,CoolAmazingRedditGuy,19
CalibanDrive,CoolAmazingRedditGuy,19
CoolAmazingRedditGuy,CalibanDrive,1
DylanVincent,CoolAmazingRedditGuy,19
davidfitzgibbon,negaB,3
thebatlab,negaB,3
kgriffen,negaB,3
[deleted],negaB,3
TheDonk1987,atheist1009,17
atheist1009,TheDonk1987,4
bkelly1984,atheist1009,17
atheist1009,bkelly1984,3
bkelly1984,atheist1009,1
atheist1009,bkelly1984,3
bkelly1984,atheist1009,2
kazarnowicz,bkelly1984,3
jawdirk,atheist1009,1
atheist1009,jawdirk,2
kazarnowicz,atheist1009,1
atheist1009,kazarnowicz,2
kazarnowicz,atheist1009,1
atheist1009,kazarnowicz,1
kazarnowicz,atheist1009,1
atheist1009,kazarnowicz,1
watcherof_theskies,atheist1009,17
atheist1009,watcherof_theskies,2
watcherof_theskies,atheist1009,2
atheist1009,watcherof_theskies,1
kazarnowicz,atheist1009,17
viborg,DankMemeMMA,13
rYuz4ki,viborg,7
viborg,rYuz4ki,3
fight_collector,DankMemeMMA,13
DankMemeMMA,fight_collector,5
fight_collector,DankMemeMMA,3
_justpassingby_,fight_collector,5
fight_collector,_justpassingby_,3
WikiTextBot,fight_collector,5
nukefudge,DankMemeMMA,13
fight_collector,DankMemeMMA,13
Brofistastic,DankMemeMMA,13
danielvutran,DankMemeMMA,13
jeffaloysius,DankMemeMMA,13
atheist1009,DankMemeMMA,13
ramenmangaka,Markdd8,24
rstcp,ramenmangaka,21
passwordgoeshere,rstcp,2
djsven,passwordgoeshere,3
[deleted],Markdd8,24
nukefudge,[deleted],15
wipeout4wh,Markdd8,24
demonsquidgod,Markdd8,24
Lilylac,Markdd8,24
Markdd8,Lilylac,-7
Lilylac,Markdd8,1
Markdd8,Lilylac,1
wipeout4wh,slappymcnutface,21
slappymcnutface,wipeout4wh,6
billdietrich1,slappymcnutface,21
slappymcnutface,billdietrich1,2
billdietrich1,slappymcnutface,0
St33lbutcher,slappymcnutface,21
MrOaiki,slappymcnutface,21
slappymcnutface,MrOaiki,1
MrOaiki,slappymcnutface,-1
slappymcnutface,MrOaiki,1
Regularity,slappymcnutface,21
slappymcnutface,Regularity,1
Regularity,slappymcnutface,-3
slappymcnutface,Regularity,1
Regularity,slappymcnutface,-1
slappymcnutface,Regularity,1
Anomander,slappymcnutface,-1
slappymcnutface,Anomander,1
Regularity,slappymcnutface,-1
slappymcnutface,Regularity,1
Anomander,slappymcnutface,-1
slappymcnutface,Anomander,1
META5THETIC,is_reddit_useful,28
is_reddit_useful,META5THETIC,3
META5THETIC,is_reddit_useful,3
is_reddit_useful,META5THETIC,2
META5THETIC,is_reddit_useful,3
SapienSaw,is_reddit_useful,28
is_reddit_useful,SapienSaw,2
yesanything,is_reddit_useful,28
nukefudge,is_reddit_useful,28
is_reddit_useful,nukefudge,3
nukefudge,is_reddit_useful,1
[deleted],21MerseysideRed,39
21MerseysideRed,[deleted],46
OMG_Ponies,21MerseysideRed,13
mincerray,OMG_Ponies,-17
felix1429,mincerray,38
OMG_Ponies,mincerray,38
neutron1,OMG_Ponies,-17
[deleted],neutron1,12
WhyNotJustTryInstead,OMG_Ponies,-17
coffeeaddicted,[deleted],46
mincerray,21MerseysideRed,39
Chilledlemming,mincerray,20
notwerby2,Chilledlemming,8
21MerseysideRed,mincerray,20
mincerray,21MerseysideRed,3
TheCenterOfEnnui,mincerray,5
21MerseysideRed,mincerray,5
mincerray,21MerseysideRed,5
Seroton1n,21MerseysideRed,3
raindogmx,21MerseysideRed,3
exosequitur,21MerseysideRed,3
erythro,exosequitur,0
exosequitur,erythro,2
erythro,exosequitur,1
exosequitur,erythro,1
mrrirri,exosequitur,0
exosequitur,mrrirri,2
mrrirri,exosequitur,0
exosequitur,mrrirri,1
mrrirri,exosequitur,1
exosequitur,mrrirri,1
mrrirri,exosequitur,2
mincerray,exosequitur,0
exosequitur,mincerray,1
Innerouterself,21MerseysideRed,39
TheCenterOfEnnui,21MerseysideRed,39
EdwinBongo,21MerseysideRed,39
mackduck,EdwinBongo,2
whyamisosoftinthemid,21MerseysideRed,39
hornwalker,21MerseysideRed,39
aught-o-mat,21MerseysideRed,39
boboliboliobli,21MerseysideRed,39
slappymcnutface,21MerseysideRed,39
[deleted],slappymcnutface,-1
slappymcnutface,[deleted],6
[deleted],slappymcnutface,-2
slappymcnutface,[deleted],3
[deleted],slappymcnutface,1
slappymcnutface,[deleted],5
[deleted],slappymcnutface,1
slappymcnutface,[deleted],3
[deleted],slappymcnutface,1
mackduck,slappymcnutface,1
CalibanDrive,pomnarain,19
pomnarain,CalibanDrive,16
CalibanDrive,pomnarain,2
[deleted],CalibanDrive,4
CalibanDrive,[deleted],3
JustMeRC,CalibanDrive,2
[deleted],CalibanDrive,4
countercat,CalibanDrive,4
nukefudge,CalibanDrive,16
CalibanDrive,nukefudge,2
nukefudge,CalibanDrive,3
draggonx,nukefudge,2
Seroton1n,nukefudge,2
Vroni2,CalibanDrive,16
JustMeRC,pomnarain,19
pomnarain,JustMeRC,3
JustMeRC,pomnarain,2
pomnarain,JustMeRC,3
EatThisShoe,pomnarain,19
pomnarain,EatThisShoe,3
countercat,pomnarain,1
PerpetuallyMeh,countercat,3
EatThisShoe,pomnarain,1
Seroton1n,pomnarain,1
Astronomer_X,pomnarain,19
pomnarain,Astronomer_X,1
Astronomer_X,pomnarain,1
pomnarain,Astronomer_X,1
Astronomer_X,pomnarain,1
auntieup,pomnarain,19
LovesAbusiveWomen,pomnarain,19
Phizee,pomnarain,19
pomnarain,Phizee,1
KrabbyMccrab,pomnarain,19
pomnarain,KrabbyMccrab,1
goqo,pomnarain,1
mrrirri,KrabbyMccrab,1
pomnarain,mrrirri,1
handshape,throwaway4eddit,44
throwaway4eddit,handshape,9
upward_bound,throwaway4eddit,44
kol13190,upward_bound,9
wyzaard,throwaway4eddit,44
throwaway4eddit,wyzaard,3
wyzaard,throwaway4eddit,1
throwaway4eddit,wyzaard,3
wyzaard,throwaway4eddit,1
Seroton1n,throwaway4eddit,1
throwaway4eddit,Seroton1n,1
asinine_qualities,throwaway4eddit,1
dave2daresqu,throwaway4eddit,44
ybmaza,throwaway4eddit,44
KULAKS_DESERVED_IT,DucoNihilum,103
ThatsBushLeague,KULAKS_DESERVED_IT,55
Neurolyte13,ThatsBushLeague,49
underbridge,Neurolyte13,16
shiny_and_chrome,ThatsBushLeague,49
naturalinfidel,ThatsBushLeague,49
KULAKS_DESERVED_IT,ThatsBushLeague,49
ericdevice,KULAKS_DESERVED_IT,55
KULAKS_DESERVED_IT,ericdevice,-1
ericdevice,KULAKS_DESERVED_IT,6
KULAKS_DESERVED_IT,ericdevice,0
ericdevice,KULAKS_DESERVED_IT,3
confetti27,DucoNihilum,103
wookieb23,confetti27,74
bowerjack,wookieb23,30
wookieb23,bowerjack,7
k9d,wookieb23,30
pastel-forest,confetti27,74
confetti27,pastel-forest,24
B-BoyStance,confetti27,32
pastel-forest,confetti27,32
stephnstuff,pastel-forest,24
underbridge,confetti27,74
[deleted],confetti27,74
YaDunGoofed,[deleted],20
Melseastar23,[deleted],20
stephnstuff,[deleted],20
that_all_you_got,[deleted],20
Coroxn,that_all_you_got,-5
bowerjack,confetti27,74
Coroxn,bowerjack,8
confetti27,bowerjack,8
bowerjack,confetti27,9
confetti27,bowerjack,0
YaDunGoofed,bowerjack,8
kerouacrimbaud,bowerjack,8
danielvutran,confetti27,74
gottabtru,danielvutran,5
DucoNihilum,danielvutran,5
confetti27,danielvutran,5
[deleted],danielvutran,5
viborg,[deleted],6
[deleted],viborg,11
viborg,[deleted],-2
[deleted],viborg,7
DucoNihilum,[deleted],-3
muthafuckabra,DucoNihilum,8
DucoNihilum,muthafuckabra,-2
underbridge,[deleted],-2
frankduxvandamme,danielvutran,5
tyrannus19,confetti27,74
PDK01,tyrannus19,2
tyrannus19,PDK01,2
PanditaExpress,DucoNihilum,103
[deleted],PanditaExpress,49
SillyIncantations,[deleted],36
Inostranetz,[deleted],36
mellowmonk,PanditaExpress,49
KULAKS_DESERVED_IT,PanditaExpress,49
DucoNihilum,KULAKS_DESERVED_IT,24
PDK01,KULAKS_DESERVED_IT,24
viborg,KULAKS_DESERVED_IT,24
drdoom52,viborg,-12
Coroxn,drdoom52,13
cluberti,Coroxn,5
kerouacrimbaud,Coroxn,5
lambroghinis,DucoNihilum,103
pastel-forest,lambroghinis,14
veritasius,DucoNihilum,103
gottabtru,DucoNihilum,103
DucoNihilum,gottabtru,5
KULAKS_DESERVED_IT,gottabtru,5
epik,DucoNihilum,103
YaDunGoofed,epik,17
kerouacrimbaud,YaDunGoofed,5
DucoNihilum,DucoNihilum,103
Borax,DucoNihilum,103
Landeyda,DucoNihilum,103
viborg,Landeyda,13
Landeyda,viborg,11
viborg,Landeyda,5
TofuTofu,viborg,11
that_all_you_got,viborg,11
wookieb23,Landeyda,13
Landeyda,wookieb23,2
sambalchuck,Landeyda,13
Medic7002,DucoNihilum,103
slappymcnutface,DucoNihilum,103
tiger1700,slappymcnutface,2
Peritract,DucoNihilum,103
shiny_and_chrome,Peritract,7
lambroghinis,Peritract,7
Peritract,lambroghinis,3
lambroghinis,Peritract,6
muthafuckabra,DucoNihilum,103
DucoNihilum,muthafuckabra,2
sooperdooperboi,DucoNihilum,103
CoolRunner,therealravenbaxter,6
PapaCheech,therealravenbaxter,6
samcobra,PapaCheech,2
namerson,PapaCheech,2
Aristox,therealravenbaxter,6
rjksn,-dudeomfgstfux-,42
_ReCover_,rjksn,33
[deleted],-dudeomfgstfux-,42
devilsadvocado,[deleted],7
viborg,[deleted],7
devilsadvocado,viborg,2
viborg,devilsadvocado,2
devilsadvocado,viborg,3
stanley_twobrick,-dudeomfgstfux-,42
-dudeomfgstfux-,stanley_twobrick,1
Coming_Soon,Ahvictoria,18
nerdgamergurl420,Ahvictoria,18
groundhogcakeday,Ahvictoria,18
CharmedConflict,groundhogcakeday,11
toxicchildren,Ahvictoria,18
groundhogcakeday,toxicchildren,0
toxicchildren,groundhogcakeday,0
groundhogcakeday,toxicchildren,2
wipeout4wh,Markdd8,19
SamsGotTheGravy,wipeout4wh,55
Julian_rc,SamsGotTheGravy,7
mrrirri,Markdd8,19
Smithium,Markdd8,19
MaxSupernova,Markdd8,19
lordkyl,Markdd8,19
handshape,Markdd8,19
15beast,handshape,-2
Markdd8,15beast,7
handshape,Markdd8,1
Markdd8,handshape,5
Anomander,Markdd8,-2
Markdd8,Anomander,8
handshape,15beast,7
15beast,handshape,0
handshape,15beast,6
deathtofascism1312,handshape,1
Octoty,SapienSaw,23
remphos,Octoty,12
Octoty,remphos,8
andr8009,Octoty,4
tdreager,andr8009,3
remphos,SapienSaw,23
softservepoobutt,SapienSaw,23
Brandeez0,SapienSaw,23
CalibanDrive,SapienSaw,23
nukefudge,SapienSaw,23
mrboombastic123,nukefudge,3
nukefudge,mrboombastic123,7
mrboombastic123,nukefudge,3
tdreager,nukefudge,3
nukefudge,tdreager,5
samlir,SapienSaw,23
develdevil,SapienSaw,23
TheRedGerund,SapienSaw,23
jerichojerry,Wisemd123,33
[deleted],jerichojerry,17
Wisemd123,[deleted],5
Wisemd123,jerichojerry,17
jerichojerry,Wisemd123,2
Wisemd123,jerichojerry,2
jawdirk,Wisemd123,33
Hessis,jawdirk,12
jawdirk,Hessis,3
Wisemd123,jawdirk,12
jawdirk,Wisemd123,1
Magical_cat_girl,jawdirk,2
G-42,Wisemd123,33
nerdgamergurl420,Wisemd123,33
Wisemd123,nerdgamergurl420,3
nukefudge,Wisemd123,33
[deleted],nukefudge,3
nukefudge,[deleted],2
[deleted],nukefudge,2
nukefudge,[deleted],2
Wisemd123,nukefudge,3
nukefudge,Wisemd123,1
mrphilip11,Wisemd123,33
Wisemd123,mrphilip11,5
mrphilip11,Wisemd123,1
G-42,mrphilip11,5
GU3MS,G-42,1
[deleted],Wisemd123,33
Wisemd123,[deleted],2
LimbicLogic,Wisemd123,33
Regularity,David_Bowies_Drugs,25
WikiTextBot,Regularity,16
RenaKunisaki,WikiTextBot,20
Thorusss,WikiTextBot,20
wookieb23,David_Bowies_Drugs,25
rummuds,wookieb23,13
guruscotty,wookieb23,13
dick_dangle,guruscotty,3
guruscotty,dick_dangle,6
dick_dangle,guruscotty,3
mrrirri,dick_dangle,4
dick_dangle,mrrirri,3
guruscotty,dick_dangle,4
caques,David_Bowies_Drugs,25
David_Bowies_Drugs,caques,5
caques,David_Bowies_Drugs,2
FelixP,caques,6
[deleted],David_Bowies_Drugs,25
David_Bowies_Drugs,[deleted],12
bluuit,David_Bowies_Drugs,25
data_wrangler,David_Bowies_Drugs,25
Bort74,data_wrangler,5
3th0s,David_Bowies_Drugs,25
d3rp_diggler,3th0s,3
3th0s,d3rp_diggler,1
FelixP,David_Bowies_Drugs,25
jashtonism,David_Bowies_Drugs,25
0xBA11,David_Bowies_Drugs,25
MaxSupernova,mo_rp,41
mo_rp,MaxSupernova,40
MaxSupernova,mo_rp,4
yesanything,MaxSupernova,40
dasding88,yesanything,1
freakwent,MaxSupernova,40
SnideJaden,mo_rp,41
Ynax,SnideJaden,22
andropogon09,mo_rp,41
mo_rp,andropogon09,18
I_RATE_HATS,mo_rp,7
ansong,mo_rp,41
groundhogcakeday,ansong,6
temporarycreature,mo_rp,41
[deleted],temporarycreature,3
temporarycreature,[deleted],1
mister_sleepy,mo_rp,41
freakwent,mo_rp,41
ips997,mo_rp,41
mo_rp,ips997,2
TheSubtleSaiyan,mo_rp,1
mo_rp,TheSubtleSaiyan,8
blue_strat,mo_rp,2
ips997,mo_rp,2
MaxSupernova,TheSubtleSaiyan,8
General_Shou,MaxSupernova,3
MaxSupernova,General_Shou,2
General_Shou,MaxSupernova,1
MaxSupernova,General_Shou,1
TheSubtleSaiyan,MaxSupernova,3
MaxSupernova,TheSubtleSaiyan,1
TheSubtleSaiyan,MaxSupernova,1
freakwent,mo_rp,1
biznatch11,mo_rp,41
whyamisosoftinthemid,mo_rp,41
AliceHouse,mo_rp,41
woahwoahwoahwoa,mo_rp,41
OngoTheCollector,mo_rp,41
fpvsoop,mo_rp,41
mo_rp,fpvsoop,2
Scientificgodsgalore,mo_rp,3
freakwent,mo_rp,3
WhyNotJustTryInstead,mo_rp,41
Prince_of_Loch_Ness,mo_rp,41
Hynjia,Prince_of_Loch_Ness,-5
Prince_of_Loch_Ness,Hynjia,0
mackduck,Markdd8,37
Markdd8,mackduck,24
amaxen,Markdd8,2
jrafferty,amaxen,3
mackduck,Markdd8,2
jrafferty,Markdd8,37
daneurl,Markdd8,37
Gantzz25,Markdd8,37
reddituser590,Markdd8,37
Neutral_Monk,reddituser590,3
Tshefuro,ajpappas21,34
blue_strat,ajpappas21,34
neodiogenes,ajpappas21,34
ajpappas21,neodiogenes,9
Meaninglessnme,ajpappas21,3
chinagreenelvis,neodiogenes,9
neodiogenes,chinagreenelvis,3
Boshaft,ajpappas21,34
luckysushi22,Boshaft,8
gorba,ajpappas21,34
Rebuta,ajpappas21,34
Sqeaky,ajpappas21,34
CausticCatalyst,ajpappas21,34
GrowingChaos,ajpappas21,34
digdilem,ajpappas21,34
reddituser590,reddituser590,29
adinel_,reddituser590,29
nukefudge,reddituser590,29
reddituser590,nukefudge,1
nukefudge,reddituser590,1
MakeTotalDestr0i,reddituser590,29
reddituser590,MakeTotalDestr0i,1
describingthesky,Markdd8,11
Canvaverbalist,describingthesky,7
idaell,Markdd8,11
cuppycakes514,idaell,8
GreyShuck,Markdd8,11
auntieup,Markdd8,11
cl3ft,Markdd8,11
freakwent,Markdd8,11
Zek996,Markdd8,11
bobbyfiend,Markdd8,11
k_182,ericxfresh,34
FlubDoodle,k_182,30
Duke_of_Moral_Hazard,FlubDoodle,5
Moxie42,ericxfresh,34
adinel_,Moxie42,16
Moxie42,adinel_,2
fight_collector,ericxfresh,34
ericxfresh,fight_collector,11
fight_collector,ericxfresh,2
ericxfresh,fight_collector,2
fight_collector,ericxfresh,3
freakwent,ericxfresh,2
jesseaknight,ericxfresh,34
Dhtwatkins,ericxfresh,34
FlubDoodle,ericxfresh,34
TheCenterOfEnnui,FlubDoodle,3
FlubDoodle,TheCenterOfEnnui,1
TheCenterOfEnnui,FlubDoodle,1
FlubDoodle,TheCenterOfEnnui,1
adinel_,FlubDoodle,3
dddonehoo,adinel_,1
FlubDoodle,dddonehoo,1
dddonehoo,FlubDoodle,2
adinel_,ericxfresh,34
Randomologist99,ericxfresh,34
LeonardoLemaitre,ericxfresh,34
softplaceformybrain,ericxfresh,34
OngoTheCollector,ericxfresh,34
corsair027,ericxfresh,34
PM_ME_SUM_SNATCH,dddonehoo,52
andr8009,PM_ME_SUM_SNATCH,31
PM_ME_SUM_SNATCH,andr8009,6
andr8009,PM_ME_SUM_SNATCH,6
mercury_smoothie,PM_ME_SUM_SNATCH,31
Dyltra,PM_ME_SUM_SNATCH,31
MomentsofEternity,dddonehoo,52
Tetragramatron,dddonehoo,52
dddonehoo,Tetragramatron,6
Tetragramatron,dddonehoo,1
azhark47,dddonehoo,52
Nabakin,azhark47,3
ericdevice,dddonehoo,52
CalibanDrive,dddonehoo,52
dddonehoo,CalibanDrive,3
WillyWonk1964,dddonehoo,52
ThatsBushLeague,DucoNihilum,35
Lost_Afropick,ThatsBushLeague,31
empyreandreams,DucoNihilum,35
[deleted],DucoNihilum,35
[deleted],[deleted],6
DucoNihilum,[deleted],6
permaculture,[deleted],6
DucoNihilum,permaculture,1
JeweliusCaesar,DucoNihilum,35
firegecko5,JeweliusCaesar,5
vvv1gor,DucoNihilum,35
shortstroll,vvv1gor,4
Drewskeet,DucoNihilum,35
DocTomoe,DucoNihilum,35
Uncle_Erik,DucoNihilum,35
DucoNihilum,Uncle_Erik,-5
ghiq,RayAP19,17
RayAP19,ghiq,7
permaculture,RayAP19,17
RayAP19,permaculture,5
EatsMeat,RayAP19,1
spoonraker,RayAP19,17
RayAP19,spoonraker,2
HuiOdy,RayAP19,17
deathtofascism1312,Markdd8,25
Markdd8,deathtofascism1312,8
8732664792,Markdd8,2
Markdd8,8732664792,2
deathtofascism1312,Markdd8,1
electricZits,Markdd8,2
deathtofascism1312,Markdd8,2
Markdd8,deathtofascism1312,1
deathtofascism1312,Markdd8,1
WikiTextBot,deathtofascism1312,1
Markdd8,deathtofascism1312,1
deathtofascism1312,Markdd8,1
Markdd8,deathtofascism1312,1
deathtofascism1312,Markdd8,1
Markdd8,deathtofascism1312,1
chassepo,Markdd8,25
exosequitur,Markdd8,25
Eridrus,exosequitur,3
exosequitur,Eridrus,7
Markdd8,Eridrus,7
Markdd8,exosequitur,3
groundhogcakeday,Markdd8,1
Markdd8,groundhogcakeday,2
staabc,exosequitur,3
yolakalemowa,Markdd8,25
Markdd8,yolakalemowa,1
[deleted],Markdd8,25
[deleted],[deleted],0
[deleted],[deleted],1
[deleted],[deleted],-1
STUFF2o,KoolaKing,0
mo_rp,STUFF2o,7
billdietrich1,KoolaKing,0
HuiOdy,KoolaKing,0
ReefaManiack42o,KoolaKing,0
blazezero25,KoolaKing,0
code_pie,ericxfresh,43
sobolewskiking2,code_pie,25
Trim345,ericxfresh,43
scifiking,ericxfresh,43
scifiking,ericxfresh,43
foxko,ericxfresh,43
scifiking,ericxfresh,43
coldwarkidding,scifiking,-4
Trim345,scifiking,-4
Britannicus,Trim345,-5
TheCenterOfEnnui,Trim345,-5
scifiking,Trim345,-5
Trim345,scifiking,-5
LovesAbusiveWomen,ericxfresh,43
krfslb,new_seeds,20
new_seeds,krfslb,6
OngoTheCollector,new_seeds,3
new_seeds,OngoTheCollector,1
nockinaround,new_seeds,1
new_seeds,nockinaround,1
gloushire,new_seeds,20
nockinaround,gloushire,2
ericxfresh,new_seeds,20
[deleted],atgomes19,8
atgomes19,[deleted],3
atomfullerene,atgomes19,3
reagor,atgomes19,8
lovesickremix,JorSum,26
remidemi,lovesickremix,14
Julian_rc,JorSum,26
AgitatedBadger,JorSum,26
RaeBee,JorSum,26
EmperorJake,JorSum,26
billdietrich1,JorSum,26
digdilem,JorSum,26
Yamochao,JorSum,26
exosequitur,SenorMicrodeer,3
DRUMSKIDOO,SenorMicrodeer,3
billdietrich1,DRUMSKIDOO,3
DRUMSKIDOO,billdietrich1,1
corsair027,SenorMicrodeer,3
billdietrich1,SenorMicrodeer,3
SenorMicrodeer,billdietrich1,-7
billdietrich1,SenorMicrodeer,3
zyzzvya,billdietrich1,0
billdietrich1,zyzzvya,2
